User,Computer,Time,Date
alice,PC1,10:04,2025-01-01
alice,PC1,9:34,2025-01-02
alice,PC1,9:54,2025-01-03
alice,PC1,10:14,2025-01-04
alice,PC1,9:51,2025-01-05
alice,PC1,10:27,2025-01-06
alice,PC1,9:40,2025-01-07
alice,PC1,10:07,2025-01-08
alice,PC1,10:10,2025-01-09
alice,PC1,10:21,2025-01-10
alice,PC1,9:23,2025-01-11
alice,PC1,10:34,2025-01-12
alice,PC1,9:50,2025-01-13
alice,PC1,9:17,2025-01-14
alice,PC1,9:35,2025-01-15
alice,PC1,9:03,2025-01-16
alice,PC1,10:04,2025-01-17
alice,PC1,9:19,2025-01-18
alice,PC1,9:44,2025-01-19
alice,PC1,10:17,2025-01-20
alice,PC1,10:36,2025-01-21
alice,PC1,9:23,2025-01-22
alice,PC1,10:34,2025-01-23
alice,PC1,9:42,2025-01-24
alice,PC1,10:09,2025-01-25
alice,PC1,10:11,2025-01-26
alice,PC1,10:09,2025-01-27
alice,PC1,10:29,2025-01-28
alice,PC1,9:19,2025-01-29
alice,PC1,9:57,2025-01-30
bob,PC1,11:42,2025-02-01
bob,PC1,9:18,2025-02-02
bob,PC1,10:09,2025-02-03
bob,PC1,11:09,2025-02-04
bob,PC1,9:48,2025-02-05
bob,PC1,11:27,2025-02-06
bob,PC1,11:20,2025-02-07
bob,PC1,11:53,2025-02-08
bob,PC1,10:45,2025-02-09
bob,PC1,11:29,2025-02-10
bob,PC1,11:14,2025-02-11
bob,PC1,9:10,2025-02-12
bob,PC1,9:01,2025-02-13
bob,PC1,9:38,2025-02-14
bob,PC1,10:23,2025-02-15
bob,PC1,9:30,2025-02-16
bob,PC1,9:54,2025-02-17
bob,PC1,10:23,2025-02-18
bob,PC1,9:16,2025-02-19
bob,PC1,11:57,2025-02-20
bob,PC1,10:11,2025-02-21
bob,PC1,11:58,2025-02-22
bob,PC1,10:34,2025-02-23
bob,PC1,11:21,2025-02-24
bob,PC1,10:21,2025-02-25
bob,PC1,10:35,2025-02-26
bob,PC1,9:11,2025-02-27
bob,PC1,10:44,2025-02-28
bob,PC1,10:12,2025-03-01
bob,PC1,11:38,2025-03-02
bob,PC1,11:50,2025-03-03
bob,PC1,11:49,2025-03-04
bob,PC1,10:15,2025-03-05
bob,PC1,11:26,2025-03-06
bob,PC1,10:38,2025-03-07
bob,PC1,10:57,2025-03-08
bob,PC1,9:25,2025-03-09
bob,PC1,9:10,2025-03-10
bob,PC1,10:49,2025-03-11
bob,PC1,11:17,2025-03-12
bob,PC1,9:09,2025-03-13
bob,PC1,11:51,2025-03-14
bob,PC1,11:00,2025-03-15
bob,PC1,11:58,2025-03-16
bob,PC1,10:47,2025-03-17
bob,PC1,11:44,2025-03-18
bob,PC1,10:41,2025-03-19
bob,PC1,9:59,2025-03-20
bob,PC1,10:33,2025-03-21
bob,PC1,9:39,2025-03-22
bob,PC1,10:30,2025-03-23
bob,PC1,10:32,2025-03-24
bob,PC1,11:02,2025-03-25
bob,PC1,9:37,2025-03-26
bob,PC1,10:57,2025-03-27
bob,PC1,10:34,2025-03-28
bob,PC1,11:05,2025-03-29
bob,PC1,10:12,2025-03-30
bob,PC1,9:50,2025-03-31
alice,PC1,3:23,2025-04-01
bob,PC1,11:16,2025-04-02
bob,PC1,11:46,2025-04-03
bob,PC1,9:14,2025-04-04
bob,PC1,10:40,2025-04-05
bob,PC1,11:57,2025-04-06
bob,PC1,10:44,2025-04-07
bob,PC1,11:21,2025-04-08
bob,PC1,10:30,2025-04-09
bob,PC1,9:15,2025-04-10
bob,PC1,10:01,2025-04-11
bob,PC1,10:44,2025-04-12
bob,PC1,9:32,2025-04-13
bob,PC1,11:03,2025-04-14
bob,PC1,9:02,2025-04-15
bob,PC1,11:33,2025-04-16
bob,PC1,11:34,2025-04-17
bob,PC1,10:29,2025-04-18
bob,PC1,11:40,2025-04-19
bob,PC1,9:30,2025-04-20
bob,PC1,10:26,2025-04-21
bob,PC1,10:05,2025-04-22
bob,PC1,11:46,2025-04-23
bob,PC1,10:47,2025-04-24
bob,PC1,11:37,2025-04-25
bob,PC1,9:38,2025-04-26
bob,PC1,10:41,2025-04-27
bob,PC1,9:04,2025-04-28
bob,PC1,11:34,2025-04-29
bob,PC1,10:28,2025-04-30
dave,PC4,18:53,2025-05-01
dave,PC3,18:24,2025-05-01
eve,PC2,15:51,2025-05-01
dave,PC3,9:17,2025-05-02
charlie,PC2,18:47,2025-05-02
charlie,PC3,9:23,2025-05-02
dave,PC4,10:39,2025-05-03
charlie,PC2,10:29,2025-05-03
dave,PC4,13:43,2025-05-03
charlie,PC2,18:15,2025-05-04
charlie,PC4,8:16,2025-05-04
eve,PC4,9:52,2025-05-04
dave,PC4,8:12,2025-05-05
dave,PC3,17:16,2025-05-05
dave,PC3,13:43,2025-05-05
dave,PC2,8:00,2025-05-06
dave,PC4,13:49,2025-05-06
dave,PC4,11:03,2025-05-06
eve,PC4,15:33,2025-05-07
eve,PC2,9:26,2025-05-07
eve,PC4,12:17,2025-05-07
dave,PC3,10:10,2025-05-08
charlie,PC4,13:48,2025-05-08
charlie,PC4,18:31,2025-05-08
charlie,PC4,15:26,2025-05-09
dave,PC3,17:34,2025-05-09
eve,PC2,14:58,2025-05-09
dave,PC3,9:14,2025-05-10
dave,PC3,12:54,2025-05-10
dave,PC3,13:16,2025-05-10
eve,PC3,16:32,2025-05-11
eve,PC2,17:40,2025-05-11
eve,PC3,16:39,2025-05-11
dave,PC3,8:13,2025-05-12
eve,PC2,13:32,2025-05-12
eve,PC2,9:50,2025-05-12
dave,PC4,9:57,2025-05-13
eve,PC3,8:32,2025-05-13
dave,PC2,13:02,2025-05-13
eve,PC3,14:06,2025-05-14
charlie,PC3,14:38,2025-05-14
charlie,PC4,12:29,2025-05-14
dave,PC3,14:16,2025-05-15
eve,PC4,10:03,2025-05-15
dave,PC4,13:53,2025-05-15
charlie,PC3,15:58,2025-05-16
eve,PC4,11:21,2025-05-16
charlie,PC3,12:14,2025-05-16
charlie,PC2,18:43,2025-05-17
eve,PC3,18:36,2025-05-17
charlie,PC3,13:50,2025-05-17
dave,PC2,13:16,2025-05-18
charlie,PC2,16:01,2025-05-18
eve,PC4,13:51,2025-05-18
charlie,PC2,8:00,2025-05-19
charlie,PC4,16:03,2025-05-19
charlie,PC2,10:08,2025-05-19
eve,PC3,17:02,2025-05-20
charlie,PC3,8:48,2025-05-20
eve,PC2,9:33,2025-05-20
eve,PC3,8:02,2025-05-21
dave,PC3,14:31,2025-05-21
dave,PC3,9:56,2025-05-21
dave,PC3,17:31,2025-05-22
eve,PC4,11:42,2025-05-22
dave,PC2,15:43,2025-05-22
charlie,PC4,15:01,2025-05-23
eve,PC2,12:55,2025-05-23
eve,PC4,12:52,2025-05-23
dave,PC4,12:31,2025-05-24
eve,PC4,12:34,2025-05-24
eve,PC4,16:54,2025-05-24
charlie,PC3,13:12,2025-05-25
eve,PC2,15:55,2025-05-25
dave,PC4,13:42,2025-05-25
charlie,PC2,12:04,2025-05-26
dave,PC2,8:50,2025-05-26
dave,PC2,13:37,2025-05-26
eve,PC2,15:20,2025-05-27
dave,PC4,13:57,2025-05-27
charlie,PC3,9:39,2025-05-27
eve,PC2,12:51,2025-05-28
eve,PC3,13:13,2025-05-28
eve,PC2,9:33,2025-05-28
charlie,PC4,11:43,2025-05-29
charlie,PC3,12:26,2025-05-29
charlie,PC3,13:22,2025-05-29
eve,PC4,14:34,2025-05-30
charlie,PC4,14:01,2025-05-30
dave,PC2,17:59,2025-05-30
charlie,PC2,18:07,2025-05-31
dave,PC4,16:00,2025-05-31
eve,PC3,17:23,2025-05-31
eve,PC3,14:48,2025-06-01
dave,PC2,10:25,2025-06-01
charlie,PC3,14:30,2025-06-01
charlie,PC4,18:34,2025-06-02
eve,PC2,10:49,2025-06-02
eve,PC2,15:15,2025-06-02
eve,PC2,12:48,2025-06-03
dave,PC2,13:31,2025-06-03
eve,PC4,14:23,2025-06-03
eve,PC4,12:51,2025-06-04
eve,PC2,15:27,2025-06-04
charlie,PC3,11:55,2025-06-04
charlie,PC3,13:16,2025-06-05
dave,PC2,15:35,2025-06-05
charlie,PC2,18:18,2025-06-05
eve,PC4,17:01,2025-06-06
eve,PC2,16:05,2025-06-06
dave,PC3,18:43,2025-06-06
dave,PC2,12:59,2025-06-07
charlie,PC4,18:59,2025-06-07
eve,PC2,15:57,2025-06-07
charlie,PC3,17:39,2025-06-08
charlie,PC3,18:29,2025-06-08
charlie,PC2,16:11,2025-06-08
charlie,PC4,10:08,2025-06-09
charlie,PC4,11:13,2025-06-09
eve,PC4,11:53,2025-06-09
dave,PC4,15:51,2025-06-10
eve,PC3,13:56,2025-06-10
charlie,PC2,11:39,2025-06-10
eve,PC4,8:58,2025-06-11
dave,PC4,8:51,2025-06-11
eve,PC2,15:14,2025-06-11
charlie,PC3,12:27,2025-06-12
charlie,PC4,10:03,2025-06-12
eve,PC4,12:55,2025-06-12
dave,PC4,11:47,2025-06-13
dave,PC2,13:52,2025-06-13
eve,PC4,13:24,2025-06-13
charlie,PC4,18:39,2025-06-14
eve,PC2,15:52,2025-06-14
eve,PC4,8:10,2025-06-14
charlie,PC3,14:05,2025-06-15
charlie,PC4,9:50,2025-06-15
dave,PC4,9:20,2025-06-15
charlie,PC4,11:57,2025-06-16
charlie,PC2,14:22,2025-06-16
dave,PC2,14:42,2025-06-16
eve,PC3,9:05,2025-06-17
eve,PC2,15:28,2025-06-17
charlie,PC3,12:28,2025-06-17
charlie,PC2,12:20,2025-06-18
charlie,PC3,11:22,2025-06-18
eve,PC3,9:54,2025-06-18
dave,PC4,8:02,2025-06-19
eve,PC2,17:53,2025-06-19
dave,PC3,12:04,2025-06-19
eve,PC4,17:28,2025-06-20
eve,PC4,18:15,2025-06-20
charlie,PC4,16:30,2025-06-20
charlie,PC4,15:37,2025-06-21
charlie,PC3,17:21,2025-06-21
dave,PC3,14:29,2025-06-21
dave,PC4,14:25,2025-06-22
dave,PC2,18:18,2025-06-22
charlie,PC3,14:41,2025-06-22
eve,PC3,17:28,2025-06-23
charlie,PC2,15:54,2025-06-23
eve,PC2,10:37,2025-06-23
dave,PC2,14:56,2025-06-24
eve,PC2,9:01,2025-06-24
dave,PC3,17:45,2025-06-24
eve,PC3,13:03,2025-06-25
dave,PC2,10:55,2025-06-25
eve,PC4,17:08,2025-06-25
dave,PC2,18:56,2025-06-26
charlie,PC4,12:52,2025-06-26
charlie,PC3,15:44,2025-06-26
eve,PC3,8:05,2025-06-27
dave,PC4,17:23,2025-06-27
dave,PC3,10:03,2025-06-27
dave,PC2,15:04,2025-06-28
dave,PC2,16:03,2025-06-28
charlie,PC3,15:02,2025-06-28
dave,PC2,13:01,2025-06-29
charlie,PC4,14:27,2025-06-29
dave,PC2,11:53,2025-06-29
charlie,PC3,18:41,2025-06-30
charlie,PC4,17:19,2025-06-30
eve,PC3,11:00,2025-06-30
charlie,PC4,18:39,2025-07-01
dave,PC3,15:46,2025-07-01
dave,PC2,15:45,2025-07-01
dave,PC2,13:18,2025-07-02
dave,PC4,11:26,2025-07-02
charlie,PC3,17:14,2025-07-02
dave,PC2,9:44,2025-07-03
dave,PC2,10:57,2025-07-03
eve,PC3,14:36,2025-07-03
eve,PC3,10:42,2025-07-04
charlie,PC3,13:32,2025-07-04
charlie,PC2,9:06,2025-07-04
charlie,PC3,18:41,2025-07-05
charlie,PC3,11:49,2025-07-05
charlie,PC4,13:47,2025-07-05
dave,PC3,10:28,2025-07-06
dave,PC2,12:12,2025-07-06
dave,PC3,17:38,2025-07-06
charlie,PC2,18:19,2025-07-07
charlie,PC4,10:56,2025-07-07
dave,PC4,12:07,2025-07-07
charlie,PC3,11:24,2025-07-08
charlie,PC4,17:51,2025-07-08
eve,PC3,11:55,2025-07-08
eve,PC4,18:54,2025-07-09
dave,PC3,18:14,2025-07-09
charlie,PC4,15:20,2025-07-09
eve,PC3,14:56,2025-07-10
dave,PC3,10:31,2025-07-10
charlie,PC4,17:44,2025-07-10
eve,PC2,10:00,2025-07-11
dave,PC4,10:46,2025-07-11
eve,PC4,15:29,2025-07-11
charlie,PC3,11:19,2025-07-12
dave,PC3,17:07,2025-07-12
dave,PC2,13:09,2025-07-12
eve,PC2,10:52,2025-07-13
charlie,PC3,15:01,2025-07-13
charlie,PC3,16:44,2025-07-13
dave,PC4,15:23,2025-07-14
charlie,PC4,14:55,2025-07-14
charlie,PC4,11:35,2025-07-14
dave,PC3,13:57,2025-07-15
eve,PC3,17:15,2025-07-15
eve,PC2,14:17,2025-07-15
dave,PC3,14:22,2025-07-16
charlie,PC4,17:15,2025-07-16
eve,PC2,16:48,2025-07-16
dave,PC4,8:27,2025-07-17
charlie,PC4,12:29,2025-07-17
charlie,PC3,16:56,2025-07-17
charlie,PC2,17:09,2025-07-18
charlie,PC2,12:00,2025-07-18
eve,PC3,16:15,2025-07-18
eve,PC4,15:38,2025-07-19
charlie,PC2,11:59,2025-07-19
eve,PC2,17:44,2025-07-19
dave,PC3,18:16,2025-07-20
dave,PC2,9:21,2025-07-20
dave,PC3,15:38,2025-07-20
charlie,PC2,13:17,2025-07-21
charlie,PC3,12:04,2025-07-21
eve,PC3,10:49,2025-07-21
dave,PC2,17:30,2025-07-22
eve,PC3,18:26,2025-07-22
eve,PC4,8:42,2025-07-22
eve,PC4,13:55,2025-07-23
charlie,PC2,16:28,2025-07-23
eve,PC2,16:34,2025-07-23
dave,PC4,16:58,2025-07-24
eve,PC3,16:37,2025-07-24
eve,PC3,15:17,2025-07-24
dave,PC4,10:47,2025-07-25
charlie,PC3,12:04,2025-07-25
eve,PC3,11:44,2025-07-25
charlie,PC3,13:32,2025-07-26
eve,PC4,11:02,2025-07-26
eve,PC2,15:10,2025-07-26
charlie,PC3,8:27,2025-07-27
dave,PC2,13:49,2025-07-27
charlie,PC4,18:50,2025-07-27
eve,PC4,10:17,2025-07-28
eve,PC3,12:05,2025-07-28
dave,PC3,14:26,2025-07-28
dave,PC2,14:33,2025-07-29
eve,PC2,13:04,2025-07-29
eve,PC2,9:09,2025-07-29
charlie,PC2,10:16,2025-07-30
dave,PC2,12:01,2025-07-30
charlie,PC2,15:20,2025-07-30
eve,PC3,8:01,2025-07-31
charlie,PC4,8:12,2025-07-31
charlie,PC4,14:58,2025-07-31
dave,PC4,17:46,2025-08-01
dave,PC2,14:58,2025-08-01
dave,PC2,9:52,2025-08-01
eve,PC3,15:12,2025-08-02
charlie,PC3,11:36,2025-08-02
dave,PC2,9:25,2025-08-02
charlie,PC4,17:58,2025-08-03
charlie,PC2,18:09,2025-08-03
charlie,PC4,10:33,2025-08-03
charlie,PC3,12:25,2025-08-04
dave,PC2,11:54,2025-08-04
charlie,PC2,10:37,2025-08-04
eve,PC3,10:32,2025-08-05
dave,PC4,11:22,2025-08-05
dave,PC3,10:48,2025-08-05
dave,PC4,17:24,2025-08-06
eve,PC2,14:10,2025-08-06
dave,PC3,17:44,2025-08-06
charlie,PC2,10:33,2025-08-07
dave,PC2,16:49,2025-08-07
charlie,PC2,16:20,2025-08-07
charlie,PC3,8:35,2025-08-08
charlie,PC2,14:09,2025-08-08
charlie,PC4,18:09,2025-08-08
eve,PC3,8:58,2025-08-09
charlie,PC2,9:20,2025-08-09
eve,PC3,12:36,2025-08-09
dave,PC4,15:15,2025-08-10
charlie,PC2,17:49,2025-08-10
eve,PC4,11:21,2025-08-10
charlie,PC4,9:30,2025-08-11
charlie,PC4,16:39,2025-08-11
eve,PC3,10:08,2025-08-11
dave,PC3,8:20,2025-08-12
charlie,PC4,10:29,2025-08-12
dave,PC3,18:47,2025-08-12
eve,PC2,13:46,2025-08-13
dave,PC4,16:31,2025-08-13
charlie,PC4,8:12,2025-08-13
dave,PC4,8:12,2025-08-14
charlie,PC4,18:18,2025-08-14
charlie,PC2,18:36,2025-08-14
dave,PC3,8:37,2025-08-15
dave,PC4,10:21,2025-08-15
dave,PC3,12:56,2025-08-15
eve,PC4,14:50,2025-08-16
charlie,PC4,13:33,2025-08-16
dave,PC4,9:08,2025-08-16
dave,PC3,11:49,2025-08-17
charlie,PC4,17:03,2025-08-17
charlie,PC4,11:26,2025-08-17
eve,PC4,14:26,2025-08-18
dave,PC3,16:20,2025-08-18
dave,PC4,15:08,2025-08-18
eve,PC4,15:33,2025-08-19
dave,PC3,9:27,2025-08-19
dave,PC3,14:28,2025-08-19
charlie,PC2,17:29,2025-08-20
charlie,PC4,9:04,2025-08-20
dave,PC2,15:38,2025-08-20
eve,PC2,9:22,2025-08-21
dave,PC4,14:52,2025-08-21
charlie,PC2,10:54,2025-08-21
eve,PC3,12:31,2025-08-22
dave,PC4,12:21,2025-08-22
charlie,PC4,11:51,2025-08-22
eve,PC4,14:43,2025-08-23
dave,PC3,16:52,2025-08-23
eve,PC4,17:14,2025-08-23
eve,PC3,18:42,2025-08-24
dave,PC3,17:28,2025-08-24
charlie,PC3,9:50,2025-08-24
dave,PC3,17:32,2025-08-25
charlie,PC3,15:55,2025-08-25
eve,PC2,11:09,2025-08-25
dave,PC2,16:37,2025-08-26
eve,PC3,8:58,2025-08-26
charlie,PC2,16:22,2025-08-26
eve,PC2,15:51,2025-08-27
eve,PC4,14:37,2025-08-27
eve,PC2,12:11,2025-08-27
eve,PC3,9:33,2025-08-28
eve,PC4,18:32,2025-08-28
dave,PC4,8:09,2025-08-28
charlie,PC2,16:44,2025-08-29
charlie,PC2,12:22,2025-08-29
charlie,PC4,17:01,2025-08-29
charlie,PC2,16:50,2025-08-30
dave,PC3,13:23,2025-08-30
eve,PC2,10:46,2025-08-30
eve,PC3,13:25,2025-08-31
dave,PC4,13:06,2025-08-31
eve,PC4,16:57,2025-08-31
eve,PC4,16:04,2025-09-01
charlie,PC2,10:37,2025-09-01
dave,PC2,13:13,2025-09-01
dave,PC3,18:06,2025-09-02
eve,PC3,17:43,2025-09-02
dave,PC4,11:11,2025-09-02
dave,PC4,12:44,2025-09-03
eve,PC3,15:19,2025-09-03
charlie,PC4,18:44,2025-09-03
dave,PC4,10:33,2025-09-04
charlie,PC4,17:00,2025-09-04
dave,PC4,10:46,2025-09-04
charlie,PC2,17:09,2025-09-05
charlie,PC3,9:01,2025-09-05
dave,PC4,17:34,2025-09-05
charlie,PC2,17:36,2025-09-06
dave,PC4,14:58,2025-09-06
eve,PC4,12:53,2025-09-06
dave,PC3,13:24,2025-09-07
dave,PC4,17:46,2025-09-07
eve,PC3,14:50,2025-09-07
dave,PC2,17:20,2025-09-08
eve,PC2,9:22,2025-09-08
charlie,PC2,10:53,2025-09-08
eve,PC3,8:18,2025-09-09
charlie,PC2,8:34,2025-09-09
charlie,PC4,12:43,2025-09-09
dave,PC3,12:57,2025-09-10
eve,PC2,12:30,2025-09-10
charlie,PC4,12:46,2025-09-10
dave,PC2,11:45,2025-09-11
charlie,PC4,12:47,2025-09-11
eve,PC2,15:55,2025-09-11
charlie,PC3,18:08,2025-09-12
dave,PC2,18:44,2025-09-12
eve,PC3,8:44,2025-09-12
charlie,PC3,13:45,2025-09-13
eve,PC3,13:17,2025-09-13
charlie,PC2,8:17,2025-09-13
eve,PC4,16:30,2025-09-14
charlie,PC4,9:09,2025-09-14
eve,PC2,14:22,2025-09-14
charlie,PC4,8:56,2025-09-15
eve,PC4,18:24,2025-09-15
dave,PC4,8:00,2025-09-15
dave,PC4,14:48,2025-09-16
dave,PC4,9:34,2025-09-16
charlie,PC3,14:00,2025-09-16
charlie,PC4,11:29,2025-09-17
dave,PC3,15:10,2025-09-17
eve,PC4,10:49,2025-09-17
charlie,PC3,10:45,2025-09-18
charlie,PC2,8:34,2025-09-18
dave,PC2,13:58,2025-09-18
eve,PC4,10:51,2025-09-19
dave,PC3,16:47,2025-09-19
eve,PC3,18:10,2025-09-19
dave,PC2,12:42,2025-09-20
dave,PC4,17:25,2025-09-20
eve,PC3,15:05,2025-09-20
charlie,PC4,8:30,2025-09-21
eve,PC2,12:11,2025-09-21
eve,PC4,10:15,2025-09-21
charlie,PC3,9:41,2025-09-22
charlie,PC4,9:38,2025-09-22
charlie,PC3,10:48,2025-09-22
dave,PC4,15:22,2025-09-23
charlie,PC4,14:44,2025-09-23
eve,PC3,11:39,2025-09-23
charlie,PC4,13:44,2025-09-24
dave,PC3,16:30,2025-09-24
charlie,PC2,18:10,2025-09-24
eve,PC2,12:42,2025-09-25
eve,PC3,15:49,2025-09-25
eve,PC4,12:25,2025-09-25
dave,PC2,15:51,2025-09-26
eve,PC2,11:13,2025-09-26
charlie,PC4,17:26,2025-09-26
charlie,PC3,13:16,2025-09-27
charlie,PC2,10:26,2025-09-27
charlie,PC2,10:48,2025-09-27
dave,PC2,13:33,2025-09-28
dave,PC4,14:57,2025-09-28
eve,PC4,17:32,2025-09-28
dave,PC2,13:44,2025-09-29
charlie,PC4,17:46,2025-09-29
dave,PC2,14:53,2025-09-29
eve,PC2,14:33,2025-09-30
charlie,PC4,17:26,2025-09-30
eve,PC4,10:24,2025-09-30
dave,PC2,14:27,2025-10-01
dave,PC3,8:15,2025-10-01
eve,PC2,10:13,2025-10-01
eve,PC4,15:42,2025-10-02
eve,PC3,12:44,2025-10-02
dave,PC3,12:03,2025-10-02
eve,PC3,16:01,2025-10-03
charlie,PC4,14:36,2025-10-03
dave,PC4,16:02,2025-10-03
charlie,PC3,14:51,2025-10-04
eve,PC4,9:49,2025-10-04
charlie,PC3,8:03,2025-10-04
dave,PC3,18:50,2025-10-05
eve,PC2,16:27,2025-10-05
dave,PC3,12:05,2025-10-05
dave,PC2,12:58,2025-10-06
eve,PC3,9:04,2025-10-06
dave,PC4,11:41,2025-10-06
dave,PC3,13:55,2025-10-07
eve,PC2,18:29,2025-10-07
charlie,PC2,14:06,2025-10-07
dave,PC4,18:34,2025-10-08
charlie,PC4,16:32,2025-10-08
charlie,PC3,13:29,2025-10-08
dave,PC4,11:16,2025-10-09
charlie,PC2,10:46,2025-10-09
dave,PC2,11:15,2025-10-09
dave,PC2,13:25,2025-10-10
dave,PC4,16:50,2025-10-10
charlie,PC3,10:32,2025-10-10
dave,PC3,10:15,2025-10-11
charlie,PC2,8:38,2025-10-11
dave,PC2,16:41,2025-10-11
eve,PC3,14:22,2025-10-12
charlie,PC3,15:13,2025-10-12
charlie,PC3,13:28,2025-10-12
dave,PC3,8:32,2025-10-13
eve,PC4,14:27,2025-10-13
dave,PC4,10:01,2025-10-13
dave,PC2,9:55,2025-10-14
dave,PC3,16:32,2025-10-14
eve,PC3,13:11,2025-10-14
dave,PC3,18:24,2025-10-15
charlie,PC2,18:57,2025-10-15
dave,PC2,14:13,2025-10-15
charlie,PC4,11:45,2025-10-16
charlie,PC4,12:24,2025-10-16
eve,PC4,9:58,2025-10-16
dave,PC3,18:22,2025-10-17
dave,PC4,13:51,2025-10-17
charlie,PC3,10:18,2025-10-17
charlie,PC4,14:44,2025-10-18
eve,PC2,11:20,2025-10-18
dave,PC2,18:37,2025-10-18
dave,PC4,12:06,2025-10-19
dave,PC2,18:41,2025-10-19
charlie,PC2,18:28,2025-10-19
dave,PC3,10:16,2025-10-20
eve,PC3,13:41,2025-10-20
dave,PC3,18:29,2025-10-20
eve,PC4,8:13,2025-10-21
eve,PC2,9:15,2025-10-21
charlie,PC4,9:40,2025-10-21
dave,PC2,12:58,2025-10-22
dave,PC4,10:47,2025-10-22
dave,PC2,13:23,2025-10-22
dave,PC4,11:24,2025-10-23
charlie,PC2,10:09,2025-10-23
dave,PC3,8:57,2025-10-23
charlie,PC2,11:44,2025-10-24
dave,PC3,9:38,2025-10-24
eve,PC3,16:51,2025-10-24
dave,PC2,15:42,2025-10-25
charlie,PC3,13:43,2025-10-25
eve,PC2,15:04,2025-10-25
charlie,PC2,10:08,2025-10-26
charlie,PC4,8:25,2025-10-26
dave,PC3,11:31,2025-10-26
eve,PC2,9:45,2025-10-27
charlie,PC3,16:43,2025-10-27
dave,PC3,9:11,2025-10-27
charlie,PC3,11:32,2025-10-28
dave,PC2,9:38,2025-10-28
charlie,PC2,15:27,2025-10-28
charlie,PC2,12:11,2025-10-29
dave,PC3,8:27,2025-10-29
dave,PC4,10:32,2025-10-29
charlie,PC3,10:01,2025-10-30
charlie,PC4,8:30,2025-10-30
charlie,PC3,13:29,2025-10-30
charlie,PC4,8:42,2025-10-31
charlie,PC2,11:42,2025-10-31
charlie,PC2,15:35,2025-10-31
eve,PC4,16:40,2025-11-01
dave,PC4,9:03,2025-11-01
dave,PC2,16:18,2025-11-01
charlie,PC2,10:47,2025-11-02
charlie,PC2,9:37,2025-11-02
dave,PC2,13:00,2025-11-02
eve,PC3,17:14,2025-11-03
charlie,PC2,10:40,2025-11-03
eve,PC3,10:51,2025-11-03
charlie,PC4,13:01,2025-11-04
dave,PC3,17:24,2025-11-04
eve,PC4,18:34,2025-11-04
charlie,PC4,10:56,2025-11-05
dave,PC3,9:47,2025-11-05
charlie,PC2,13:38,2025-11-05
eve,PC4,14:34,2025-11-06
dave,PC4,8:38,2025-11-06
charlie,PC2,16:28,2025-11-06
charlie,PC3,8:45,2025-11-07
dave,PC2,11:14,2025-11-07
eve,PC4,16:58,2025-11-07
eve,PC4,12:07,2025-11-08
dave,PC4,13:38,2025-11-08
dave,PC2,9:13,2025-11-08
dave,PC3,11:38,2025-11-09
eve,PC4,16:15,2025-11-09
charlie,PC4,10:04,2025-11-09
eve,PC4,13:40,2025-11-10
dave,PC3,13:39,2025-11-10
charlie,PC4,12:47,2025-11-10
dave,PC2,15:20,2025-11-11
charlie,PC4,11:35,2025-11-11
dave,PC3,11:33,2025-11-11
dave,PC2,8:26,2025-11-12
dave,PC2,9:30,2025-11-12
charlie,PC3,17:53,2025-11-12
eve,PC4,15:12,2025-11-13
dave,PC2,18:50,2025-11-13
charlie,PC3,12:33,2025-11-13
dave,PC3,9:27,2025-11-14
charlie,PC4,14:12,2025-11-14
eve,PC4,12:17,2025-11-14
dave,PC2,10:30,2025-11-15
dave,PC2,16:58,2025-11-15
dave,PC3,18:50,2025-11-15
dave,PC4,13:37,2025-11-16
dave,PC2,14:46,2025-11-16
eve,PC4,13:00,2025-11-16
charlie,PC2,11:47,2025-11-17
charlie,PC4,17:19,2025-11-17
charlie,PC3,18:39,2025-11-17
charlie,PC2,8:08,2025-11-18
eve,PC2,12:06,2025-11-18
dave,PC4,15:25,2025-11-18
charlie,PC4,14:35,2025-11-19
dave,PC2,11:28,2025-11-19
charlie,PC4,17:05,2025-11-19
eve,PC4,17:57,2025-11-20
charlie,PC3,12:25,2025-11-20
eve,PC2,8:00,2025-11-20
charlie,PC4,16:30,2025-11-21
charlie,PC4,16:03,2025-11-21
eve,PC4,15:43,2025-11-21
dave,PC3,9:44,2025-11-22
charlie,PC2,16:33,2025-11-22
dave,PC2,18:57,2025-11-22
charlie,PC3,12:26,2025-11-23
dave,PC4,8:32,2025-11-23
eve,PC2,8:44,2025-11-23
dave,PC4,16:12,2025-11-24
eve,PC3,9:46,2025-11-24
charlie,PC3,16:28,2025-11-24
eve,PC3,17:43,2025-11-25
eve,PC2,16:53,2025-11-25
eve,PC3,17:09,2025-11-25
eve,PC2,12:08,2025-11-26
charlie,PC3,8:38,2025-11-26
charlie,PC3,8:11,2025-11-26
dave,PC4,11:29,2025-11-27
charlie,PC4,13:45,2025-11-27
eve,PC3,9:21,2025-11-27
eve,PC3,9:02,2025-11-28
dave,PC2,13:22,2025-11-28
eve,PC3,11:38,2025-11-28
dave,PC3,9:40,2025-11-29
charlie,PC4,11:52,2025-11-29
eve,PC4,9:59,2025-11-29
eve,PC3,17:38,2025-11-30
dave,PC3,14:07,2025-11-30
dave,PC3,18:19,2025-11-30
charlie,PC4,17:40,2025-12-01
eve,PC2,14:51,2025-12-01
dave,PC4,16:04,2025-12-01
dave,PC3,16:21,2025-12-02
eve,PC4,18:54,2025-12-02
charlie,PC4,11:55,2025-12-02
eve,PC2,13:47,2025-12-03
charlie,PC4,8:34,2025-12-03
eve,PC2,8:19,2025-12-03
dave,PC2,17:08,2025-12-04
dave,PC4,12:27,2025-12-04
dave,PC2,13:55,2025-12-04
eve,PC3,17:53,2025-12-05
eve,PC3,13:43,2025-12-05
charlie,PC4,11:11,2025-12-05
dave,PC2,15:37,2025-12-06
dave,PC4,12:41,2025-12-06
dave,PC3,9:46,2025-12-06
dave,PC3,13:33,2025-12-07
charlie,PC2,15:56,2025-12-07
dave,PC4,13:05,2025-12-07
eve,PC4,9:52,2025-12-08
dave,PC4,8:31,2025-12-08
charlie,PC4,8:45,2025-12-08
eve,PC2,9:18,2025-12-09
eve,PC4,16:16,2025-12-09
charlie,PC4,13:21,2025-12-09
dave,PC3,9:04,2025-12-10
charlie,PC3,10:18,2025-12-10
dave,PC2,11:23,2025-12-10
charlie,PC4,15:57,2025-12-11
dave,PC3,13:52,2025-12-11
charlie,PC4,8:10,2025-12-11
dave,PC3,13:38,2025-12-12
eve,PC3,10:34,2025-12-12
charlie,PC2,18:08,2025-12-12
charlie,PC4,10:39,2025-12-13
dave,PC2,15:40,2025-12-13
charlie,PC3,16:14,2025-12-13
dave,PC3,12:22,2025-12-14
dave,PC4,13:37,2025-12-14
eve,PC4,14:21,2025-12-14
charlie,PC3,12:04,2025-12-15
dave,PC3,14:34,2025-12-15
dave,PC2,8:40,2025-12-15
dave,PC2,12:44,2025-12-16
eve,PC4,13:20,2025-12-16
charlie,PC4,11:53,2025-12-16
charlie,PC3,16:41,2025-12-17
dave,PC4,9:35,2025-12-17
charlie,PC4,18:04,2025-12-17
charlie,PC3,9:45,2025-12-18
eve,PC3,15:40,2025-12-18
charlie,PC3,12:28,2025-12-18
charlie,PC4,11:09,2025-12-19
eve,PC3,11:48,2025-12-19
charlie,PC4,8:00,2025-12-19
dave,PC3,17:48,2025-12-20
eve,PC4,14:48,2025-12-20
dave,PC4,9:23,2025-12-20
charlie,PC4,14:42,2025-12-21
charlie,PC3,11:32,2025-12-21
dave,PC4,11:43,2025-12-21
eve,PC4,17:11,2025-12-22
eve,PC4,9:07,2025-12-22
eve,PC4,16:40,2025-12-22
dave,PC2,17:14,2025-12-23
charlie,PC2,8:21,2025-12-23
charlie,PC4,13:45,2025-12-23
eve,PC4,12:22,2025-12-24
charlie,PC4,11:20,2025-12-24
charlie,PC4,10:03,2025-12-24
dave,PC2,13:45,2025-12-25
dave,PC3,16:39,2025-12-25
charlie,PC3,9:50,2025-12-25
charlie,PC3,9:42,2025-12-26
charlie,PC4,8:11,2025-12-26
dave,PC4,18:41,2025-12-26
charlie,PC2,13:06,2025-12-27
eve,PC4,8:58,2025-12-27
charlie,PC4,11:47,2025-12-27
eve,PC4,11:28,2025-12-28
dave,PC2,12:25,2025-12-28
dave,PC3,8:56,2025-12-28
dave,PC3,12:24,2025-12-29
eve,PC4,10:36,2025-12-29
dave,PC2,9:41,2025-12-29
dave,PC2,12:03,2025-12-30
eve,PC3,13:23,2025-12-30
dave,PC2,18:58,2025-12-30
charlie,PC4,15:07,2025-12-31
charlie,PC4,9:48,2025-12-31
dave,PC2,14:37,2025-12-31
dave,PC2,16:04,2026-01-01
charlie,PC4,16:26,2026-01-01
dave,PC2,18:46,2026-01-01
eve,PC3,8:47,2026-01-02
eve,PC2,12:22,2026-01-02
eve,PC2,9:32,2026-01-02
eve,PC3,12:57,2026-01-03
charlie,PC4,8:52,2026-01-03
eve,PC3,17:09,2026-01-03
dave,PC3,10:14,2026-01-04
charlie,PC3,14:25,2026-01-04
eve,PC3,12:40,2026-01-04
eve,PC4,16:41,2026-01-05
eve,PC3,18:54,2026-01-05
eve,PC4,12:43,2026-01-05
eve,PC4,9:47,2026-01-06
eve,PC3,14:24,2026-01-06
charlie,PC4,17:12,2026-01-06
eve,PC2,15:38,2026-01-07
dave,PC2,12:09,2026-01-07
eve,PC4,10:18,2026-01-07
dave,PC4,8:47,2026-01-08
charlie,PC2,9:10,2026-01-08
charlie,PC3,18:35,2026-01-08
dave,PC3,16:31,2026-01-09
charlie,PC3,15:42,2026-01-09
charlie,PC4,11:04,2026-01-09
dave,PC2,16:27,2026-01-10
eve,PC2,10:39,2026-01-10
eve,PC4,13:01,2026-01-10
dave,PC3,9:05,2026-01-11
charlie,PC3,15:39,2026-01-11
dave,PC3,14:26,2026-01-11
charlie,PC3,15:16,2026-01-12
charlie,PC4,9:19,2026-01-12
charlie,PC3,9:21,2026-01-12
eve,PC3,16:36,2026-01-13
dave,PC2,13:07,2026-01-13
charlie,PC2,8:50,2026-01-13
charlie,PC3,11:14,2026-01-14
dave,PC2,9:13,2026-01-14
eve,PC2,12:03,2026-01-14
eve,PC2,9:36,2026-01-15
dave,PC2,17:11,2026-01-15
dave,PC3,13:14,2026-01-15
eve,PC3,16:20,2026-01-16
dave,PC2,16:55,2026-01-16
charlie,PC4,16:02,2026-01-16
eve,PC4,9:43,2026-01-17
eve,PC3,17:35,2026-01-17
dave,PC4,18:16,2026-01-17
charlie,PC3,9:50,2026-01-18
eve,PC3,9:39,2026-01-18
dave,PC2,17:38,2026-01-18
dave,PC2,11:50,2026-01-19
dave,PC4,16:43,2026-01-19
charlie,PC4,18:31,2026-01-19
charlie,PC2,16:59,2026-01-20
dave,PC2,17:39,2026-01-20
eve,PC2,10:57,2026-01-20
dave,PC4,8:40,2026-01-21
dave,PC4,15:57,2026-01-21
dave,PC2,11:00,2026-01-21
charlie,PC2,18:34,2026-01-22
dave,PC2,18:32,2026-01-22
eve,PC2,11:42,2026-01-22
eve,PC4,12:36,2026-01-23
charlie,PC4,14:07,2026-01-23
charlie,PC4,11:50,2026-01-23
charlie,PC2,10:49,2026-01-24
eve,PC4,8:23,2026-01-24
dave,PC3,11:45,2026-01-24
eve,PC4,16:50,2026-01-25
charlie,PC4,12:21,2026-01-25
charlie,PC2,18:09,2026-01-25
dave,PC2,16:17,2026-01-26
eve,PC2,10:25,2026-01-26
dave,PC3,8:24,2026-01-26
eve,PC3,10:07,2026-01-27
dave,PC2,14:50,2026-01-27
dave,PC4,17:32,2026-01-27
eve,PC2,11:07,2026-01-28
dave,PC2,10:56,2026-01-28
eve,PC3,17:21,2026-01-28
dave,PC3,14:28,2026-01-29
eve,PC3,17:25,2026-01-29
dave,PC2,15:05,2026-01-29
dave,PC3,8:34,2026-01-30
charlie,PC2,11:30,2026-01-30
dave,PC4,9:15,2026-01-30
charlie,PC3,12:53,2026-01-31
charlie,PC3,14:56,2026-01-31
charlie,PC4,10:55,2026-01-31
eve,PC4,14:55,2026-02-01
dave,PC4,9:48,2026-02-01
charlie,PC4,17:26,2026-02-01
eve,PC2,16:32,2026-02-02
charlie,PC2,10:29,2026-02-02
charlie,PC4,11:50,2026-02-02
eve,PC2,11:59,2026-02-03
charlie,PC2,9:06,2026-02-03
dave,PC3,17:26,2026-02-03
dave,PC2,9:12,2026-02-04
eve,PC2,13:32,2026-02-04
eve,PC2,12:54,2026-02-04
eve,PC3,18:23,2026-02-05
eve,PC4,18:19,2026-02-05
charlie,PC3,8:39,2026-02-05
eve,PC4,14:33,2026-02-06
eve,PC2,16:10,2026-02-06
eve,PC4,18:22,2026-02-06
eve,PC2,18:44,2026-02-07
dave,PC2,12:10,2026-02-07
dave,PC4,18:18,2026-02-07
charlie,PC3,12:16,2026-02-08
eve,PC2,12:07,2026-02-08
charlie,PC3,14:15,2026-02-08
charlie,PC3,13:49,2026-02-09
dave,PC2,8:27,2026-02-09
eve,PC4,13:15,2026-02-09
eve,PC3,16:21,2026-02-10
charlie,PC4,8:58,2026-02-10
dave,PC3,14:24,2026-02-10
dave,PC3,9:50,2026-02-11
charlie,PC2,13:02,2026-02-11
charlie,PC4,14:32,2026-02-11
eve,PC2,17:24,2026-02-12
charlie,PC2,13:36,2026-02-12
dave,PC4,14:43,2026-02-12
charlie,PC2,14:58,2026-02-13
eve,PC2,16:35,2026-02-13
eve,PC3,10:15,2026-02-13
charlie,PC4,15:36,2026-02-14
dave,PC2,9:44,2026-02-14
dave,PC4,12:57,2026-02-14
eve,PC2,11:14,2026-02-15
dave,PC2,10:54,2026-02-15
charlie,PC3,13:25,2026-02-15
dave,PC2,13:22,2026-02-16
charlie,PC3,18:29,2026-02-16
charlie,PC2,18:05,2026-02-16
dave,PC4,14:56,2026-02-17
dave,PC3,14:49,2026-02-17
charlie,PC4,12:38,2026-02-17
charlie,PC4,11:17,2026-02-18
dave,PC3,16:53,2026-02-18
charlie,PC3,9:30,2026-02-18
dave,PC3,17:10,2026-02-19
eve,PC3,15:11,2026-02-19
dave,PC2,12:39,2026-02-19
eve,PC4,9:38,2026-02-20
dave,PC3,14:30,2026-02-20
eve,PC2,9:33,2026-02-20
dave,PC2,10:41,2026-02-21
eve,PC2,13:28,2026-02-21
dave,PC3,12:12,2026-02-21
dave,PC4,18:48,2026-02-22
dave,PC3,16:17,2026-02-22
dave,PC2,16:40,2026-02-22
eve,PC4,11:37,2026-02-23
eve,PC3,13:56,2026-02-23
eve,PC2,14:43,2026-02-23
eve,PC4,12:01,2026-02-24
eve,PC2,8:40,2026-02-24
charlie,PC4,11:23,2026-02-24
dave,PC2,13:18,2026-02-25
dave,PC3,18:33,2026-02-25
charlie,PC3,15:46,2026-02-25
charlie,PC4,16:58,2026-02-26
eve,PC2,15:48,2026-02-26
charlie,PC4,14:13,2026-02-26
eve,PC3,11:36,2026-02-27
charlie,PC3,13:55,2026-02-27
eve,PC2,9:32,2026-02-27
eve,PC2,15:25,2026-02-28
dave,PC3,17:14,2026-02-28
eve,PC3,11:22,2026-02-28
eve,PC3,16:48,2026-03-01
dave,PC3,15:10,2026-03-01
dave,PC4,11:21,2026-03-01
dave,PC3,17:02,2026-03-02
dave,PC4,8:41,2026-03-02
eve,PC4,11:31,2026-03-02
charlie,PC4,12:31,2026-03-03
eve,PC2,16:04,2026-03-03
dave,PC3,11:11,2026-03-03
eve,PC4,11:58,2026-03-04
eve,PC4,17:28,2026-03-04
eve,PC3,14:00,2026-03-04
eve,PC2,8:13,2026-03-05
eve,PC3,12:01,2026-03-05
charlie,PC3,10:22,2026-03-05
eve,PC4,8:31,2026-03-06
dave,PC4,13:02,2026-03-06
dave,PC2,9:56,2026-03-06
dave,PC2,8:41,2026-03-07
eve,PC3,13:00,2026-03-07
dave,PC3,17:20,2026-03-07
charlie,PC4,11:44,2026-03-08
eve,PC4,17:10,2026-03-08
dave,PC3,9:25,2026-03-08
dave,PC3,9:34,2026-03-09
eve,PC4,15:19,2026-03-09
dave,PC4,17:40,2026-03-09
charlie,PC3,14:17,2026-03-10
charlie,PC4,12:43,2026-03-10
charlie,PC3,16:28,2026-03-10
eve,PC2,16:26,2026-03-11
charlie,PC2,10:54,2026-03-11
dave,PC2,14:35,2026-03-11
dave,PC3,18:46,2026-03-12
dave,PC2,18:51,2026-03-12
eve,PC3,12:35,2026-03-12
eve,PC2,14:17,2026-03-13
charlie,PC3,17:59,2026-03-13
charlie,PC4,18:33,2026-03-13
eve,PC2,11:47,2026-03-14
eve,PC3,18:22,2026-03-14
charlie,PC4,17:11,2026-03-14
eve,PC4,15:14,2026-03-15
charlie,PC3,18:02,2026-03-15
dave,PC2,11:17,2026-03-15
eve,PC3,14:02,2026-03-16
eve,PC3,16:41,2026-03-16
eve,PC4,12:22,2026-03-16
dave,PC4,8:49,2026-03-17
dave,PC2,12:53,2026-03-17
eve,PC4,8:38,2026-03-17
eve,PC3,13:11,2026-03-18
charlie,PC4,13:49,2026-03-18
charlie,PC3,16:16,2026-03-18
dave,PC4,14:10,2026-03-19
dave,PC2,13:45,2026-03-19
eve,PC4,15:12,2026-03-19
charlie,PC3,18:53,2026-03-20
dave,PC2,16:10,2026-03-20
dave,PC2,18:55,2026-03-20
charlie,PC3,18:11,2026-03-21
charlie,PC3,9:54,2026-03-21
charlie,PC3,8:57,2026-03-21
charlie,PC4,17:38,2026-03-22
charlie,PC4,16:51,2026-03-22
eve,PC2,9:58,2026-03-22
eve,PC4,15:26,2026-03-23
eve,PC2,12:18,2026-03-23
dave,PC4,18:30,2026-03-23
dave,PC3,10:28,2026-03-24
dave,PC3,16:10,2026-03-24
charlie,PC4,18:50,2026-03-24
charlie,PC4,8:35,2026-03-25
charlie,PC2,17:06,2026-03-25
charlie,PC3,13:20,2026-03-25
dave,PC4,15:46,2026-03-26
charlie,PC3,9:50,2026-03-26
charlie,PC4,15:02,2026-03-26
dave,PC2,17:13,2026-03-27
dave,PC3,17:46,2026-03-27
dave,PC4,10:11,2026-03-27
dave,PC2,8:55,2026-03-28
charlie,PC4,16:26,2026-03-28
dave,PC2,15:27,2026-03-28
eve,PC3,18:52,2026-03-29
eve,PC4,13:05,2026-03-29
dave,PC3,18:37,2026-03-29
charlie,PC3,8:28,2026-03-30
dave,PC2,10:18,2026-03-30
eve,PC4,12:37,2026-03-30
dave,PC3,8:53,2026-03-31
charlie,PC3,14:12,2026-03-31
eve,PC2,18:32,2026-03-31
charlie,PC3,18:35,2026-04-01
charlie,PC4,17:20,2026-04-01
charlie,PC2,10:17,2026-04-01
charlie,PC3,17:49,2026-04-02
charlie,PC4,14:13,2026-04-02
dave,PC3,8:37,2026-04-02
dave,PC2,9:01,2026-04-03
dave,PC4,13:47,2026-04-03
charlie,PC2,13:02,2026-04-03
charlie,PC4,10:29,2026-04-04
charlie,PC3,16:58,2026-04-04
eve,PC2,15:48,2026-04-04
eve,PC4,17:45,2026-04-05
charlie,PC4,15:32,2026-04-05
eve,PC4,9:20,2026-04-05
eve,PC2,13:33,2026-04-06
dave,PC4,18:26,2026-04-06
charlie,PC2,16:32,2026-04-06
dave,PC2,8:17,2026-04-07
dave,PC2,13:20,2026-04-07
dave,PC2,18:34,2026-04-07
dave,PC4,8:46,2026-04-08
eve,PC3,17:41,2026-04-08
dave,PC3,18:42,2026-04-08
dave,PC4,14:45,2026-04-09
eve,PC2,12:30,2026-04-09
eve,PC3,10:05,2026-04-09
charlie,PC3,11:20,2026-04-10
eve,PC3,17:39,2026-04-10
charlie,PC2,8:09,2026-04-10
dave,PC4,12:48,2026-04-11
eve,PC3,18:46,2026-04-11
eve,PC4,16:55,2026-04-11
eve,PC2,15:57,2026-04-12
dave,PC2,9:10,2026-04-12
charlie,PC3,12:03,2026-04-12
dave,PC4,16:19,2026-04-13
charlie,PC2,11:24,2026-04-13
charlie,PC4,11:26,2026-04-13
eve,PC3,18:00,2026-04-14
charlie,PC3,12:01,2026-04-14
charlie,PC4,12:05,2026-04-14
dave,PC3,12:53,2026-04-15
charlie,PC2,12:00,2026-04-15
charlie,PC3,13:10,2026-04-15
eve,PC3,14:54,2026-04-16
eve,PC4,10:35,2026-04-16
eve,PC3,15:56,2026-04-16
eve,PC4,17:04,2026-04-17
eve,PC2,10:58,2026-04-17
dave,PC4,18:27,2026-04-17
eve,PC4,10:10,2026-04-18
eve,PC2,9:29,2026-04-18
dave,PC2,8:26,2026-04-18
eve,PC3,10:08,2026-04-19
eve,PC3,17:43,2026-04-19
charlie,PC4,12:26,2026-04-19
eve,PC3,16:36,2026-04-20
dave,PC4,14:26,2026-04-20
eve,PC4,15:29,2026-04-20
eve,PC2,18:56,2026-04-21
charlie,PC2,14:08,2026-04-21
eve,PC4,18:00,2026-04-21
charlie,PC3,15:12,2026-04-22
charlie,PC4,13:59,2026-04-22
dave,PC3,11:34,2026-04-22
eve,PC3,17:47,2026-04-23
charlie,PC3,12:43,2026-04-23
charlie,PC2,18:15,2026-04-23
dave,PC2,13:10,2026-04-24
charlie,PC2,8:28,2026-04-24
charlie,PC3,17:24,2026-04-24
dave,PC4,12:16,2026-04-25
dave,PC3,15:43,2026-04-25
eve,PC4,9:54,2026-04-25
charlie,PC4,8:26,2026-04-26
eve,PC2,10:30,2026-04-26
charlie,PC3,14:37,2026-04-26
eve,PC3,10:32,2026-04-27
eve,PC3,14:40,2026-04-27
dave,PC3,12:19,2026-04-27
eve,PC4,11:55,2026-04-28
eve,PC4,9:38,2026-04-28
dave,PC3,15:56,2026-04-28
eve,PC4,13:33,2026-04-29
charlie,PC3,16:47,2026-04-29
charlie,PC3,10:43,2026-04-29
dave,PC4,11:47,2026-04-30
dave,PC4,13:26,2026-04-30
eve,PC4,10:25,2026-04-30
dave,PC4,8:33,2026-05-01
eve,PC2,14:07,2026-05-01
charlie,PC3,10:56,2026-05-01
charlie,PC3,13:29,2026-05-02
charlie,PC4,16:06,2026-05-02
dave,PC3,9:39,2026-05-02
charlie,PC2,9:47,2026-05-03
charlie,PC2,8:47,2026-05-03
eve,PC3,9:41,2026-05-03
dave,PC2,18:44,2026-05-04
eve,PC4,16:06,2026-05-04
eve,PC3,9:52,2026-05-04
eve,PC2,18:35,2026-05-05
eve,PC3,15:12,2026-05-05
eve,PC3,8:53,2026-05-05
charlie,PC4,15:42,2026-05-06
dave,PC4,10:44,2026-05-06
dave,PC2,12:52,2026-05-06
eve,PC4,11:34,2026-05-07
dave,PC2,16:27,2026-05-07
eve,PC4,12:38,2026-05-07
dave,PC3,13:57,2026-05-08
charlie,PC2,11:09,2026-05-08
dave,PC4,11:19,2026-05-08
eve,PC2,15:19,2026-05-09
charlie,PC4,9:51,2026-05-09
charlie,PC4,14:05,2026-05-09
dave,PC3,12:29,2026-05-10
eve,PC2,17:56,2026-05-10
charlie,PC4,16:49,2026-05-10
dave,PC2,8:44,2026-05-11
eve,PC3,13:34,2026-05-11
charlie,PC3,10:42,2026-05-11
eve,PC3,9:35,2026-05-12
eve,PC2,15:27,2026-05-12
charlie,PC2,14:47,2026-05-12
dave,PC2,15:06,2026-05-13
dave,PC2,18:28,2026-05-13
dave,PC3,11:51,2026-05-13
dave,PC3,14:32,2026-05-14
eve,PC3,18:29,2026-05-14
dave,PC4,9:23,2026-05-14
eve,PC4,15:12,2026-05-15
dave,PC3,12:43,2026-05-15
eve,PC3,8:28,2026-05-15
charlie,PC3,17:54,2026-05-16
eve,PC3,11:19,2026-05-16
dave,PC4,14:10,2026-05-16
eve,PC4,15:29,2026-05-17
charlie,PC4,9:24,2026-05-17
charlie,PC2,13:15,2026-05-17
charlie,PC3,15:31,2026-05-18
dave,PC2,11:06,2026-05-18
dave,PC4,12:04,2026-05-18
dave,PC2,8:28,2026-05-19
eve,PC3,12:25,2026-05-19
eve,PC2,17:09,2026-05-19
dave,PC3,8:50,2026-05-20
eve,PC4,14:47,2026-05-20
charlie,PC2,18:11,2026-05-20
eve,PC4,12:17,2026-05-21
eve,PC4,9:18,2026-05-21
dave,PC3,18:29,2026-05-21
charlie,PC4,10:19,2026-05-22
charlie,PC3,14:25,2026-05-22
charlie,PC2,17:59,2026-05-22
eve,PC4,18:08,2026-05-23
dave,PC4,9:51,2026-05-23
charlie,PC4,9:38,2026-05-23
charlie,PC2,8:05,2026-05-24
dave,PC4,10:41,2026-05-24
eve,PC2,13:50,2026-05-24
eve,PC2,14:28,2026-05-25
eve,PC2,18:18,2026-05-25
charlie,PC2,15:14,2026-05-25
dave,PC2,13:46,2026-05-26
dave,PC2,13:50,2026-05-26
charlie,PC3,8:21,2026-05-26
eve,PC3,9:15,2026-05-27
charlie,PC2,18:53,2026-05-27
charlie,PC4,8:36,2026-05-27
charlie,PC3,17:02,2026-05-28
eve,PC2,14:43,2026-05-28
charlie,PC4,10:04,2026-05-28
eve,PC3,17:27,2026-05-29
charlie,PC3,9:32,2026-05-29
dave,PC4,11:19,2026-05-29
dave,PC3,15:54,2026-05-30
eve,PC3,8:34,2026-05-30
eve,PC2,9:35,2026-05-30
dave,PC2,14:22,2026-05-31
charlie,PC4,15:22,2026-05-31
eve,PC2,18:44,2026-05-31
dave,PC3,17:31,2026-06-01
dave,PC3,10:28,2026-06-01
charlie,PC2,18:47,2026-06-01
dave,PC4,18:28,2026-06-02
dave,PC3,15:44,2026-06-02
eve,PC4,11:54,2026-06-02
charlie,PC3,13:27,2026-06-03
charlie,PC3,11:06,2026-06-03
dave,PC4,15:53,2026-06-03
dave,PC4,12:32,2026-06-04
eve,PC2,12:37,2026-06-04
dave,PC3,15:49,2026-06-04
charlie,PC4,11:48,2026-06-05
charlie,PC2,16:10,2026-06-05
eve,PC4,10:38,2026-06-05
dave,PC2,16:33,2026-06-06
charlie,PC3,10:50,2026-06-06
charlie,PC4,15:39,2026-06-06
charlie,PC2,9:49,2026-06-07
dave,PC3,14:57,2026-06-07
eve,PC2,16:49,2026-06-07
dave,PC3,13:21,2026-06-08
eve,PC2,13:49,2026-06-08
eve,PC2,11:57,2026-06-08
eve,PC3,15:23,2026-06-09
eve,PC2,13:37,2026-06-09
dave,PC4,18:41,2026-06-09
dave,PC2,16:33,2026-06-10
eve,PC4,18:00,2026-06-10
charlie,PC3,16:31,2026-06-10
charlie,PC2,18:13,2026-06-11
dave,PC3,14:14,2026-06-11
dave,PC2,18:59,2026-06-11
eve,PC3,17:15,2026-06-12
dave,PC2,13:56,2026-06-12
dave,PC4,10:45,2026-06-12
charlie,PC2,14:07,2026-06-13
eve,PC4,10:44,2026-06-13
charlie,PC2,17:26,2026-06-13
eve,PC3,8:23,2026-06-14
eve,PC2,18:05,2026-06-14
eve,PC2,12:44,2026-06-14
charlie,PC2,16:23,2026-06-15
eve,PC4,14:43,2026-06-15
dave,PC2,16:43,2026-06-15
eve,PC4,9:17,2026-06-16
eve,PC3,8:51,2026-06-16
charlie,PC3,10:23,2026-06-16
eve,PC4,8:08,2026-06-17
dave,PC2,9:58,2026-06-17
charlie,PC4,16:22,2026-06-17
dave,PC4,18:11,2026-06-18
charlie,PC4,8:25,2026-06-18
dave,PC4,11:06,2026-06-18
eve,PC2,8:21,2026-06-19
charlie,PC3,12:04,2026-06-19
eve,PC3,15:35,2026-06-19
charlie,PC3,15:49,2026-06-20
dave,PC4,14:41,2026-06-20
charlie,PC2,13:22,2026-06-20
dave,PC3,15:01,2026-06-21
charlie,PC3,11:46,2026-06-21
dave,PC2,14:49,2026-06-21
charlie,PC4,14:13,2026-06-22
charlie,PC3,14:51,2026-06-22
eve,PC4,14:44,2026-06-22
charlie,PC3,12:39,2026-06-23
charlie,PC2,13:31,2026-06-23
eve,PC4,14:31,2026-06-23
charlie,PC4,11:36,2026-06-24
eve,PC3,10:36,2026-06-24
eve,PC3,11:08,2026-06-24
charlie,PC4,14:01,2026-06-25
dave,PC3,15:45,2026-06-25
charlie,PC2,17:45,2026-06-25
dave,PC2,8:41,2026-06-26
charlie,PC3,17:55,2026-06-26
charlie,PC2,13:04,2026-06-26
charlie,PC3,10:24,2026-06-27
dave,PC2,13:40,2026-06-27
eve,PC4,18:38,2026-06-27
dave,PC4,16:41,2026-06-28
eve,PC4,11:38,2026-06-28
charlie,PC2,18:53,2026-06-28
dave,PC2,8:27,2026-06-29
charlie,PC4,8:08,2026-06-29
eve,PC2,10:23,2026-06-29
charlie,PC3,13:02,2026-06-30
dave,PC2,13:41,2026-06-30
charlie,PC2,18:57,2026-06-30
dave,PC3,12:54,2026-07-01
dave,PC2,8:38,2026-07-01
charlie,PC3,16:34,2026-07-01
dave,PC3,12:19,2026-07-02
dave,PC2,12:42,2026-07-02
charlie,PC2,13:26,2026-07-02
eve,PC3,15:41,2026-07-03
charlie,PC3,9:06,2026-07-03
eve,PC4,11:12,2026-07-03
dave,PC3,15:24,2026-07-04
eve,PC2,9:05,2026-07-04
dave,PC2,11:38,2026-07-04
dave,PC2,11:33,2026-07-05
dave,PC4,16:29,2026-07-05
charlie,PC2,18:32,2026-07-05
charlie,PC3,13:53,2026-07-06
eve,PC4,9:30,2026-07-06
dave,PC3,9:51,2026-07-06
charlie,PC3,8:16,2026-07-07
charlie,PC4,18:36,2026-07-07
eve,PC2,16:14,2026-07-07
charlie,PC4,11:10,2026-07-08
eve,PC4,10:12,2026-07-08
dave,PC2,18:56,2026-07-08
charlie,PC4,18:25,2026-07-09
dave,PC2,15:50,2026-07-09
eve,PC2,8:22,2026-07-09
dave,PC2,15:13,2026-07-10
eve,PC4,17:04,2026-07-10
dave,PC4,9:00,2026-07-10
charlie,PC2,14:52,2026-07-11
charlie,PC3,12:50,2026-07-11
dave,PC2,8:04,2026-07-11
eve,PC4,9:57,2026-07-12
eve,PC2,14:06,2026-07-12
dave,PC4,12:26,2026-07-12
dave,PC3,9:55,2026-07-13
dave,PC4,15:47,2026-07-13
charlie,PC4,14:56,2026-07-13
dave,PC4,9:30,2026-07-14
eve,PC3,18:30,2026-07-14
charlie,PC2,14:57,2026-07-14
charlie,PC2,10:20,2026-07-15
dave,PC4,18:03,2026-07-15
charlie,PC4,17:00,2026-07-15
dave,PC3,14:15,2026-07-16
eve,PC2,12:59,2026-07-16
charlie,PC4,11:25,2026-07-16
charlie,PC2,18:41,2026-07-17
eve,PC2,14:11,2026-07-17
charlie,PC4,17:55,2026-07-17
dave,PC4,11:47,2026-07-18
charlie,PC3,14:43,2026-07-18
eve,PC2,12:46,2026-07-18
charlie,PC3,17:06,2026-07-19
eve,PC4,13:24,2026-07-19
eve,PC2,13:37,2026-07-19
eve,PC3,17:20,2026-07-20
eve,PC2,18:17,2026-07-20
charlie,PC2,15:43,2026-07-20
dave,PC3,16:49,2026-07-21
charlie,PC3,13:37,2026-07-21
charlie,PC3,9:30,2026-07-21
dave,PC3,8:23,2026-07-22
dave,PC2,12:47,2026-07-22
eve,PC4,15:06,2026-07-22
charlie,PC3,8:36,2026-07-23
dave,PC4,12:13,2026-07-23
charlie,PC4,17:59,2026-07-23
charlie,PC2,11:12,2026-07-24
eve,PC2,16:26,2026-07-24
charlie,PC3,10:52,2026-07-24
dave,PC2,17:39,2026-07-25
dave,PC3,8:18,2026-07-25
eve,PC4,15:11,2026-07-25
charlie,PC4,18:10,2026-07-26
eve,PC2,9:24,2026-07-26
eve,PC3,12:40,2026-07-26
eve,PC4,8:55,2026-07-27
dave,PC4,12:32,2026-07-27
charlie,PC4,10:05,2026-07-27
eve,PC2,12:25,2026-07-28
eve,PC2,12:27,2026-07-28
charlie,PC3,14:00,2026-07-28
dave,PC2,17:57,2026-07-29
charlie,PC4,17:46,2026-07-29
dave,PC4,15:58,2026-07-29
dave,PC3,14:38,2026-07-30
eve,PC2,16:25,2026-07-30
eve,PC4,10:30,2026-07-30
dave,PC4,12:19,2026-07-31
eve,PC2,16:14,2026-07-31
charlie,PC3,16:04,2026-07-31
eve,PC3,15:49,2026-08-01
dave,PC4,14:02,2026-08-01
dave,PC4,14:38,2026-08-01
eve,PC4,9:13,2026-08-02
dave,PC3,13:57,2026-08-02
dave,PC2,11:28,2026-08-02
eve,PC2,15:19,2026-08-03
dave,PC2,9:26,2026-08-03
dave,PC3,11:31,2026-08-03
charlie,PC4,18:30,2026-08-04
dave,PC2,18:49,2026-08-04
charlie,PC2,13:12,2026-08-04
eve,PC3,10:06,2026-08-05
dave,PC2,12:14,2026-08-05
charlie,PC2,18:34,2026-08-05
dave,PC4,18:42,2026-08-06
eve,PC2,15:43,2026-08-06
eve,PC4,10:29,2026-08-06
dave,PC3,13:06,2026-08-07
dave,PC2,11:19,2026-08-07
charlie,PC2,11:29,2026-08-07
charlie,PC4,13:54,2026-08-08
dave,PC3,13:14,2026-08-08
dave,PC3,18:34,2026-08-08
dave,PC2,9:37,2026-08-09
charlie,PC2,8:52,2026-08-09
charlie,PC2,11:30,2026-08-09
eve,PC4,9:19,2026-08-10
dave,PC4,16:37,2026-08-10
charlie,PC2,13:38,2026-08-10
charlie,PC3,8:24,2026-08-11
charlie,PC3,13:46,2026-08-11
eve,PC2,16:47,2026-08-11
charlie,PC4,18:26,2026-08-12
dave,PC2,18:22,2026-08-12
eve,PC4,14:22,2026-08-12
charlie,PC3,9:42,2026-08-13
dave,PC4,11:41,2026-08-13
dave,PC2,12:04,2026-08-13
charlie,PC4,18:18,2026-08-14
dave,PC2,14:18,2026-08-14
dave,PC4,18:42,2026-08-14
eve,PC4,16:35,2026-08-15
dave,PC4,16:49,2026-08-15
charlie,PC2,18:52,2026-08-15
dave,PC3,16:35,2026-08-16
eve,PC3,17:48,2026-08-16
dave,PC4,12:58,2026-08-16
dave,PC4,18:50,2026-08-17
eve,PC2,16:21,2026-08-17
eve,PC2,10:22,2026-08-17
charlie,PC3,14:52,2026-08-18
charlie,PC3,12:14,2026-08-18
dave,PC4,9:26,2026-08-18
eve,PC2,9:54,2026-08-19
dave,PC3,13:15,2026-08-19
charlie,PC3,8:06,2026-08-19
dave,PC2,10:31,2026-08-20
dave,PC2,12:29,2026-08-20
dave,PC2,11:20,2026-08-20
eve,PC2,18:35,2026-08-21
dave,PC4,14:55,2026-08-21
eve,PC2,12:43,2026-08-21
dave,PC3,15:16,2026-08-22
eve,PC3,8:46,2026-08-22
eve,PC2,18:43,2026-08-22
dave,PC4,12:58,2026-08-23
dave,PC2,10:13,2026-08-23
dave,PC3,15:56,2026-08-23
dave,PC2,13:15,2026-08-24
eve,PC2,13:01,2026-08-24
dave,PC4,11:44,2026-08-24
eve,PC4,15:09,2026-08-25
dave,PC2,17:36,2026-08-25
eve,PC2,11:57,2026-08-25
eve,PC4,8:20,2026-08-26
dave,PC4,18:26,2026-08-26
charlie,PC2,10:53,2026-08-26
eve,PC3,11:23,2026-08-27
eve,PC2,15:21,2026-08-27
charlie,PC2,11:42,2026-08-27
charlie,PC2,12:15,2026-08-28
eve,PC4,14:22,2026-08-28
dave,PC4,10:26,2026-08-28
dave,PC2,17:16,2026-08-29
dave,PC2,10:41,2026-08-29
dave,PC4,12:06,2026-08-29
dave,PC4,15:52,2026-08-30
charlie,PC3,18:13,2026-08-30
eve,PC2,12:44,2026-08-30
dave,PC3,13:27,2026-08-31
charlie,PC4,16:37,2026-08-31
dave,PC3,9:17,2026-08-31
eve,PC4,16:36,2026-09-01
charlie,PC2,15:24,2026-09-01
eve,PC4,11:33,2026-09-01
charlie,PC3,12:05,2026-09-02
dave,PC3,11:06,2026-09-02
charlie,PC2,14:46,2026-09-02
charlie,PC2,15:31,2026-09-03
dave,PC2,15:22,2026-09-03
charlie,PC2,9:08,2026-09-03
charlie,PC3,10:13,2026-09-04
dave,PC3,15:44,2026-09-04
eve,PC2,9:01,2026-09-04
eve,PC2,12:32,2026-09-05
charlie,PC3,10:18,2026-09-05
eve,PC2,12:15,2026-09-05
charlie,PC4,14:20,2026-09-06
dave,PC3,12:58,2026-09-06
charlie,PC4,8:24,2026-09-06
eve,PC4,12:20,2026-09-07
charlie,PC2,15:21,2026-09-07
charlie,PC2,16:17,2026-09-07
dave,PC4,17:05,2026-09-08
dave,PC3,13:34,2026-09-08
eve,PC4,12:46,2026-09-08
eve,PC4,16:58,2026-09-09
eve,PC4,17:49,2026-09-09
dave,PC4,10:20,2026-09-09
eve,PC3,9:18,2026-09-10
eve,PC3,14:12,2026-09-10
charlie,PC3,14:53,2026-09-10
dave,PC3,11:24,2026-09-11
eve,PC2,13:55,2026-09-11
eve,PC2,15:58,2026-09-11
charlie,PC3,15:46,2026-09-12
dave,PC4,8:34,2026-09-12
eve,PC2,13:16,2026-09-12
eve,PC4,16:33,2026-09-13
charlie,PC3,15:28,2026-09-13
dave,PC3,14:31,2026-09-13
charlie,PC3,15:17,2026-09-14
dave,PC4,10:32,2026-09-14
charlie,PC4,16:16,2026-09-14
dave,PC4,10:05,2026-09-15
dave,PC3,13:48,2026-09-15
eve,PC3,12:36,2026-09-15
charlie,PC2,11:26,2026-09-16
charlie,PC4,10:49,2026-09-16
dave,PC2,11:42,2026-09-16
charlie,PC4,18:13,2026-09-17
charlie,PC3,13:08,2026-09-17
dave,PC3,14:31,2026-09-17
dave,PC2,17:11,2026-09-18
eve,PC2,12:52,2026-09-18
eve,PC4,13:50,2026-09-18
dave,PC4,10:56,2026-09-19
dave,PC4,15:24,2026-09-19
eve,PC3,16:27,2026-09-19
charlie,PC4,18:41,2026-09-20
eve,PC4,14:24,2026-09-20
dave,PC2,12:37,2026-09-20
dave,PC2,11:00,2026-09-21
eve,PC2,15:52,2026-09-21
charlie,PC3,15:35,2026-09-21
dave,PC3,13:25,2026-09-22
dave,PC2,13:48,2026-09-22
eve,PC4,9:05,2026-09-22
dave,PC2,15:22,2026-09-23
charlie,PC4,11:57,2026-09-23
dave,PC4,9:50,2026-09-23
eve,PC3,11:20,2026-09-24
eve,PC4,14:14,2026-09-24
charlie,PC3,10:54,2026-09-24
eve,PC3,13:15,2026-09-25
eve,PC2,15:51,2026-09-25
dave,PC4,16:28,2026-09-25
charlie,PC4,12:36,2026-09-26
eve,PC4,10:15,2026-09-26
dave,PC4,13:31,2026-09-26
dave,PC3,13:04,2026-09-27
dave,PC4,18:50,2026-09-27
dave,PC4,13:53,2026-09-27
charlie,PC2,15:25,2026-09-28
dave,PC4,11:32,2026-09-28
charlie,PC3,11:51,2026-09-28
charlie,PC3,8:05,2026-09-29
dave,PC3,11:09,2026-09-29
eve,PC3,17:17,2026-09-29
eve,PC2,17:37,2026-09-30
eve,PC4,9:49,2026-09-30
dave,PC2,18:31,2026-09-30
charlie,PC4,12:22,2026-10-01
eve,PC3,9:12,2026-10-01
eve,PC2,13:50,2026-10-01
dave,PC4,8:39,2026-10-02
eve,PC2,9:16,2026-10-02
charlie,PC3,14:10,2026-10-02
eve,PC3,18:34,2026-10-03
dave,PC2,9:17,2026-10-03
dave,PC2,13:06,2026-10-03
charlie,PC2,11:37,2026-10-04
charlie,PC2,17:07,2026-10-04
eve,PC3,18:08,2026-10-04
dave,PC3,14:15,2026-10-05
charlie,PC3,17:45,2026-10-05
dave,PC3,15:27,2026-10-05
eve,PC3,18:01,2026-10-06
charlie,PC3,12:47,2026-10-06
dave,PC2,12:06,2026-10-06
dave,PC2,10:14,2026-10-07
charlie,PC4,13:48,2026-10-07
charlie,PC3,8:11,2026-10-07
dave,PC2,15:38,2026-10-08
eve,PC4,14:05,2026-10-08
eve,PC4,10:34,2026-10-08
dave,PC2,9:09,2026-10-09
charlie,PC4,14:50,2026-10-09
charlie,PC3,8:37,2026-10-09
eve,PC3,11:20,2026-10-10
eve,PC4,8:41,2026-10-10
dave,PC3,18:30,2026-10-10
dave,PC2,11:30,2026-10-11
charlie,PC3,12:31,2026-10-11
dave,PC4,10:16,2026-10-11
eve,PC4,12:55,2026-10-12
dave,PC3,17:13,2026-10-12
dave,PC4,9:49,2026-10-12
charlie,PC2,8:36,2026-10-13
charlie,PC3,8:12,2026-10-13
eve,PC2,18:41,2026-10-13
dave,PC2,15:35,2026-10-14
eve,PC4,15:15,2026-10-14
dave,PC2,8:17,2026-10-14
charlie,PC4,15:29,2026-10-15
eve,PC2,16:42,2026-10-15
eve,PC4,13:09,2026-10-15
eve,PC2,10:51,2026-10-16
eve,PC3,13:22,2026-10-16
eve,PC4,18:36,2026-10-16
charlie,PC2,14:50,2026-10-17
dave,PC3,12:46,2026-10-17
dave,PC3,18:24,2026-10-17
eve,PC4,9:00,2026-10-18
dave,PC2,9:36,2026-10-18
dave,PC3,15:18,2026-10-18
charlie,PC3,16:28,2026-10-19
charlie,PC2,8:12,2026-10-19
charlie,PC3,9:06,2026-10-19
charlie,PC4,8:04,2026-10-20
dave,PC3,17:51,2026-10-20
charlie,PC2,13:08,2026-10-20
dave,PC2,11:46,2026-10-21
dave,PC3,18:05,2026-10-21
eve,PC4,9:59,2026-10-21
eve,PC4,17:42,2026-10-22
eve,PC2,8:23,2026-10-22
charlie,PC4,17:40,2026-10-22
charlie,PC2,18:30,2026-10-23
charlie,PC3,15:18,2026-10-23
eve,PC4,16:13,2026-10-23
eve,PC2,14:34,2026-10-24
dave,PC3,15:45,2026-10-24
charlie,PC4,11:05,2026-10-24
dave,PC2,13:05,2026-10-25
eve,PC2,14:34,2026-10-25
dave,PC4,9:07,2026-10-25
dave,PC4,10:23,2026-10-26
eve,PC2,10:49,2026-10-26
charlie,PC3,14:06,2026-10-26
dave,PC4,9:11,2026-10-27
charlie,PC4,16:49,2026-10-27
eve,PC2,17:57,2026-10-27
eve,PC3,11:05,2026-10-28
charlie,PC3,11:23,2026-10-28
dave,PC2,8:50,2026-10-28
charlie,PC4,14:53,2026-10-29
charlie,PC4,15:19,2026-10-29
dave,PC2,12:51,2026-10-29
eve,PC3,8:17,2026-10-30
charlie,PC4,8:41,2026-10-30
eve,PC3,15:28,2026-10-30
charlie,PC2,9:04,2026-10-31
dave,PC3,16:41,2026-10-31
charlie,PC2,11:25,2026-10-31
dave,PC3,17:58,2026-11-01
dave,PC2,9:59,2026-11-01
dave,PC3,12:29,2026-11-01
charlie,PC2,15:09,2026-11-02
dave,PC2,13:23,2026-11-02
charlie,PC3,16:55,2026-11-02
dave,PC2,11:19,2026-11-03
charlie,PC3,17:08,2026-11-03
charlie,PC3,13:21,2026-11-03
charlie,PC4,17:16,2026-11-04
dave,PC3,18:45,2026-11-04
charlie,PC3,16:24,2026-11-04
eve,PC4,14:34,2026-11-05
eve,PC4,18:04,2026-11-05
dave,PC4,8:18,2026-11-05
dave,PC2,16:32,2026-11-06
charlie,PC3,11:05,2026-11-06
charlie,PC2,11:38,2026-11-06
dave,PC4,9:52,2026-11-07
eve,PC2,10:03,2026-11-07
eve,PC2,17:18,2026-11-07
charlie,PC4,16:39,2026-11-08
eve,PC3,15:00,2026-11-08
dave,PC4,10:28,2026-11-08
eve,PC3,15:05,2026-11-09
charlie,PC4,18:05,2026-11-09
eve,PC3,14:20,2026-11-09
eve,PC2,16:03,2026-11-10
charlie,PC2,16:17,2026-11-10
eve,PC4,12:11,2026-11-10
dave,PC3,10:59,2026-11-11
dave,PC2,14:46,2026-11-11
eve,PC3,11:09,2026-11-11
eve,PC3,12:32,2026-11-12
charlie,PC3,16:50,2026-11-12
dave,PC3,10:43,2026-11-12
dave,PC3,15:13,2026-11-13
charlie,PC2,18:03,2026-11-13
eve,PC3,16:15,2026-11-13
dave,PC3,12:33,2026-11-14
eve,PC4,12:36,2026-11-14
eve,PC2,13:22,2026-11-14
dave,PC3,18:19,2026-11-15
charlie,PC2,14:19,2026-11-15
charlie,PC4,11:53,2026-11-15
eve,PC3,9:35,2026-11-16
charlie,PC3,12:15,2026-11-16
charlie,PC4,18:58,2026-11-16
eve,PC3,8:01,2026-11-17
charlie,PC4,17:54,2026-11-17
eve,PC3,10:25,2026-11-17
dave,PC2,12:16,2026-11-18
charlie,PC3,10:40,2026-11-18
eve,PC2,16:05,2026-11-18
dave,PC3,11:05,2026-11-19
charlie,PC4,15:30,2026-11-19
dave,PC2,9:48,2026-11-19
dave,PC3,8:22,2026-11-20
dave,PC2,16:37,2026-11-20
eve,PC2,16:36,2026-11-20
dave,PC3,18:01,2026-11-21
dave,PC3,12:54,2026-11-21
dave,PC4,18:33,2026-11-21
charlie,PC3,8:14,2026-11-22
eve,PC3,13:47,2026-11-22
eve,PC4,17:44,2026-11-22
charlie,PC2,13:28,2026-11-23
eve,PC4,18:21,2026-11-23
charlie,PC2,8:01,2026-11-23
charlie,PC3,9:12,2026-11-24
charlie,PC4,12:38,2026-11-24
dave,PC4,16:56,2026-11-24
dave,PC2,15:06,2026-11-25
dave,PC3,8:55,2026-11-25
charlie,PC4,10:28,2026-11-25
dave,PC2,17:05,2026-11-26
eve,PC2,17:23,2026-11-26
charlie,PC3,12:18,2026-11-26
eve,PC3,8:36,2026-11-27
charlie,PC4,9:34,2026-11-27
dave,PC4,15:05,2026-11-27
eve,PC4,13:50,2026-11-28
dave,PC2,11:10,2026-11-28
charlie,PC3,9:23,2026-11-28
dave,PC3,9:05,2026-11-29
charlie,PC2,17:03,2026-11-29
eve,PC3,9:03,2026-11-29
dave,PC3,8:15,2026-11-30
dave,PC2,12:47,2026-11-30
eve,PC4,14:44,2026-11-30
dave,PC4,17:56,2026-12-01
eve,PC2,14:43,2026-12-01
dave,PC2,12:15,2026-12-01
charlie,PC4,13:15,2026-12-02
dave,PC4,9:52,2026-12-02
charlie,PC4,13:25,2026-12-02
charlie,PC3,16:08,2026-12-03
charlie,PC3,8:20,2026-12-03
dave,PC2,8:56,2026-12-03
charlie,PC4,8:13,2026-12-04
eve,PC4,13:20,2026-12-04
charlie,PC4,8:15,2026-12-04
charlie,PC3,8:14,2026-12-05
charlie,PC4,15:47,2026-12-05
eve,PC2,12:11,2026-12-05
dave,PC2,11:27,2026-12-06
eve,PC4,15:03,2026-12-06
dave,PC2,11:28,2026-12-06
eve,PC2,11:00,2026-12-07
dave,PC2,8:39,2026-12-07
dave,PC4,10:33,2026-12-07
charlie,PC3,14:51,2026-12-08
eve,PC4,17:02,2026-12-08
eve,PC3,15:40,2026-12-08
dave,PC4,15:32,2026-12-09
dave,PC3,11:36,2026-12-09
dave,PC3,8:35,2026-12-09
charlie,PC2,16:40,2026-12-10
charlie,PC4,18:12,2026-12-10
eve,PC2,17:24,2026-12-10
eve,PC3,9:23,2026-12-11
charlie,PC2,17:52,2026-12-11
dave,PC3,15:13,2026-12-11
eve,PC3,18:56,2026-12-12
eve,PC3,10:24,2026-12-12
dave,PC3,16:25,2026-12-12
eve,PC2,16:23,2026-12-13
charlie,PC4,17:07,2026-12-13
eve,PC2,11:08,2026-12-13
charlie,PC2,12:11,2026-12-14
eve,PC3,13:43,2026-12-14
charlie,PC4,15:17,2026-12-14
dave,PC4,18:09,2026-12-15
eve,PC2,18:35,2026-12-15
dave,PC4,9:17,2026-12-15
eve,PC2,8:56,2026-12-16
dave,PC4,11:30,2026-12-16
charlie,PC3,10:14,2026-12-16
charlie,PC2,15:36,2026-12-17
charlie,PC3,17:19,2026-12-17
eve,PC4,18:48,2026-12-17
dave,PC3,11:39,2026-12-18
dave,PC4,9:31,2026-12-18
charlie,PC4,13:33,2026-12-18
eve,PC3,12:03,2026-12-19
charlie,PC4,9:52,2026-12-19
charlie,PC4,17:03,2026-12-19
dave,PC4,18:57,2026-12-20
dave,PC3,10:18,2026-12-20
dave,PC4,15:25,2026-12-20
dave,PC3,13:34,2026-12-21
eve,PC3,12:02,2026-12-21
eve,PC2,13:39,2026-12-21
charlie,PC2,16:35,2026-12-22
charlie,PC3,8:12,2026-12-22
charlie,PC2,11:37,2026-12-22
charlie,PC3,13:29,2026-12-23
dave,PC2,11:32,2026-12-23
charlie,PC2,12:23,2026-12-23
charlie,PC4,15:05,2026-12-24
dave,PC3,18:23,2026-12-24
charlie,PC4,16:56,2026-12-24
eve,PC3,14:14,2026-12-25
charlie,PC3,10:40,2026-12-25
dave,PC2,11:51,2026-12-25
charlie,PC2,15:02,2026-12-26
dave,PC2,14:27,2026-12-26
charlie,PC3,12:00,2026-12-26
eve,PC3,13:59,2026-12-27
eve,PC2,18:35,2026-12-27
dave,PC4,14:04,2026-12-27
eve,PC3,11:31,2026-12-28
eve,PC4,16:41,2026-12-28
eve,PC4,11:31,2026-12-28
eve,PC2,9:32,2026-12-29
dave,PC4,8:49,2026-12-29
eve,PC2,11:35,2026-12-29
charlie,PC3,14:27,2026-12-30
charlie,PC2,11:08,2026-12-30
eve,PC4,15:06,2026-12-30
dave,PC3,14:16,2026-12-31
dave,PC4,13:56,2026-12-31
eve,PC3,13:37,2026-12-31
charlie,PC4,13:07,2027-01-01
charlie,PC3,14:59,2027-01-01
eve,PC3,18:02,2027-01-01
eve,PC4,10:46,2027-01-02
dave,PC2,16:07,2027-01-02
dave,PC2,12:46,2027-01-02
charlie,PC3,12:41,2027-01-03
charlie,PC4,10:42,2027-01-03
charlie,PC3,10:24,2027-01-03
charlie,PC4,13:13,2027-01-04
charlie,PC4,9:27,2027-01-04
charlie,PC2,17:13,2027-01-04
eve,PC4,17:14,2027-01-05
charlie,PC3,17:49,2027-01-05
dave,PC3,12:21,2027-01-05
charlie,PC3,18:32,2027-01-06
charlie,PC3,14:27,2027-01-06
eve,PC4,11:42,2027-01-06
dave,PC2,10:37,2027-01-07
eve,PC2,10:46,2027-01-07
eve,PC4,14:30,2027-01-07
charlie,PC2,12:42,2027-01-08
dave,PC2,9:12,2027-01-08
charlie,PC3,8:33,2027-01-08
eve,PC2,9:57,2027-01-09
charlie,PC3,14:40,2027-01-09
dave,PC2,10:25,2027-01-09
eve,PC4,16:18,2027-01-10
dave,PC2,9:27,2027-01-10
charlie,PC4,18:54,2027-01-10
dave,PC4,9:54,2027-01-11
eve,PC4,8:02,2027-01-11
eve,PC4,11:12,2027-01-11
eve,PC4,18:33,2027-01-12
dave,PC4,10:02,2027-01-12
dave,PC4,12:26,2027-01-12
dave,PC4,10:37,2027-01-13
eve,PC2,12:05,2027-01-13
eve,PC2,8:28,2027-01-13
eve,PC2,10:23,2027-01-14
eve,PC4,10:14,2027-01-14
eve,PC4,16:42,2027-01-14
charlie,PC4,18:57,2027-01-15
charlie,PC2,9:25,2027-01-15
eve,PC2,13:13,2027-01-15
eve,PC3,11:29,2027-01-16
eve,PC3,17:17,2027-01-16
charlie,PC4,9:26,2027-01-16
eve,PC4,9:36,2027-01-17
charlie,PC4,10:06,2027-01-17
charlie,PC3,17:27,2027-01-17
dave,PC3,12:47,2027-01-18
dave,PC4,16:58,2027-01-18
eve,PC3,17:28,2027-01-18
eve,PC4,10:34,2027-01-19
eve,PC4,9:18,2027-01-19
eve,PC2,16:10,2027-01-19
charlie,PC3,9:01,2027-01-20
eve,PC4,15:23,2027-01-20
dave,PC2,15:18,2027-01-20
dave,PC2,14:47,2027-01-21
dave,PC3,10:53,2027-01-21
charlie,PC3,11:28,2027-01-21
charlie,PC3,17:07,2027-01-22
dave,PC3,18:12,2027-01-22
dave,PC2,9:06,2027-01-22
charlie,PC2,8:08,2027-01-23
dave,PC2,11:55,2027-01-23
eve,PC2,11:23,2027-01-23
dave,PC2,15:08,2027-01-24
dave,PC2,18:35,2027-01-24
charlie,PC4,10:32,2027-01-24
eve,PC2,8:56,2027-01-25
dave,PC3,17:16,2027-01-25
eve,PC2,9:45,2027-01-25
charlie,PC2,15:28,2027-01-26
charlie,PC4,8:42,2027-01-26
eve,PC4,17:03,2027-01-26
dave,PC2,13:30,2027-01-27
charlie,PC2,18:20,2027-01-27
eve,PC2,15:12,2027-01-27
charlie,PC3,10:11,2027-01-28
eve,PC4,11:54,2027-01-28
dave,PC3,16:57,2027-01-28
dave,PC4,13:00,2027-01-29
dave,PC3,16:21,2027-01-29
charlie,PC4,17:07,2027-01-29
eve,PC3,13:43,2027-01-30
eve,PC3,15:47,2027-01-30
charlie,PC4,8:01,2027-01-30
dave,PC3,10:23,2027-01-31
charlie,PC3,17:01,2027-01-31
dave,PC3,17:26,2027-01-31
dave,PC3,9:49,2027-02-01
charlie,PC2,9:39,2027-02-01
dave,PC4,14:41,2027-02-01
dave,PC4,10:59,2027-02-02
dave,PC2,14:47,2027-02-02
dave,PC3,16:58,2027-02-02
charlie,PC2,16:35,2027-02-03
charlie,PC2,18:00,2027-02-03
eve,PC3,10:42,2027-02-03
dave,PC3,11:47,2027-02-04
dave,PC2,15:47,2027-02-04
charlie,PC2,8:24,2027-02-04
charlie,PC4,10:25,2027-02-05
dave,PC3,14:14,2027-02-05
charlie,PC2,12:33,2027-02-05
charlie,PC4,14:49,2027-02-06
dave,PC2,13:07,2027-02-06
dave,PC4,9:24,2027-02-06
dave,PC3,15:57,2027-02-07
charlie,PC3,12:16,2027-02-07
eve,PC3,11:17,2027-02-07
eve,PC2,14:06,2027-02-08
eve,PC4,13:10,2027-02-08
dave,PC3,8:45,2027-02-08
dave,PC4,18:10,2027-02-09
dave,PC4,18:52,2027-02-09
eve,PC2,14:23,2027-02-09
eve,PC2,13:03,2027-02-10
eve,PC2,16:06,2027-02-10
charlie,PC4,9:00,2027-02-10
charlie,PC3,15:33,2027-02-11
eve,PC2,8:42,2027-02-11
charlie,PC3,18:31,2027-02-11
dave,PC4,17:51,2027-02-12
dave,PC2,9:15,2027-02-12
dave,PC2,10:35,2027-02-12
eve,PC3,16:34,2027-02-13
eve,PC3,14:47,2027-02-13
eve,PC3,11:21,2027-02-13
charlie,PC2,10:50,2027-02-14
dave,PC2,18:00,2027-02-14
charlie,PC4,15:44,2027-02-14
eve,PC2,16:30,2027-02-15
eve,PC4,17:02,2027-02-15
dave,PC2,14:14,2027-02-15
eve,PC4,18:55,2027-02-16
eve,PC3,18:42,2027-02-16
eve,PC4,14:19,2027-02-16
charlie,PC2,11:37,2027-02-17
eve,PC4,10:51,2027-02-17
charlie,PC4,14:08,2027-02-17
dave,PC4,13:09,2027-02-18
eve,PC3,17:59,2027-02-18
charlie,PC2,18:24,2027-02-18
dave,PC3,10:59,2027-02-19
dave,PC4,12:06,2027-02-19
eve,PC3,11:34,2027-02-19
charlie,PC2,14:33,2027-02-20
charlie,PC4,13:45,2027-02-20
dave,PC3,18:00,2027-02-20
dave,PC4,16:13,2027-02-21
eve,PC3,13:22,2027-02-21
dave,PC4,13:45,2027-02-21
dave,PC2,10:42,2027-02-22
charlie,PC2,17:53,2027-02-22
eve,PC2,17:39,2027-02-22
charlie,PC4,11:26,2027-02-23
charlie,PC4,12:21,2027-02-23
charlie,PC3,11:13,2027-02-23
eve,PC2,15:40,2027-02-24
dave,PC2,13:14,2027-02-24
charlie,PC3,15:06,2027-02-24
charlie,PC3,13:05,2027-02-25
eve,PC3,17:44,2027-02-25
charlie,PC4,11:28,2027-02-25
eve,PC4,17:33,2027-02-26
dave,PC2,11:39,2027-02-26
charlie,PC3,18:55,2027-02-26
dave,PC4,12:45,2027-02-27
charlie,PC4,17:09,2027-02-27
dave,PC2,16:04,2027-02-27
eve,PC2,16:33,2027-02-28
eve,PC3,14:53,2027-02-28
charlie,PC3,8:01,2027-02-28
dave,PC3,18:47,2027-03-01
eve,PC3,8:17,2027-03-01
charlie,PC2,16:59,2027-03-01
dave,PC3,9:15,2027-03-02
dave,PC3,17:59,2027-03-02
charlie,PC4,13:00,2027-03-02
eve,PC3,9:10,2027-03-03
dave,PC3,15:25,2027-03-03
eve,PC4,13:49,2027-03-03
charlie,PC2,12:37,2027-03-04
charlie,PC4,11:46,2027-03-04
dave,PC2,16:08,2027-03-04
charlie,PC3,12:10,2027-03-05
eve,PC2,15:56,2027-03-05
charlie,PC3,9:05,2027-03-05
eve,PC4,12:37,2027-03-06
eve,PC2,15:12,2027-03-06
dave,PC2,16:50,2027-03-06
eve,PC4,12:16,2027-03-07
charlie,PC2,10:21,2027-03-07
eve,PC3,16:50,2027-03-07
eve,PC3,10:30,2027-03-08
dave,PC4,11:48,2027-03-08
eve,PC2,15:53,2027-03-08
charlie,PC4,17:28,2027-03-09
dave,PC4,14:05,2027-03-09
eve,PC4,15:59,2027-03-09
charlie,PC3,17:47,2027-03-10
charlie,PC3,10:48,2027-03-10
dave,PC4,12:06,2027-03-10
dave,PC3,8:35,2027-03-11
eve,PC3,13:39,2027-03-11
charlie,PC4,11:39,2027-03-11
dave,PC4,16:24,2027-03-12
charlie,PC4,14:18,2027-03-12
charlie,PC2,10:21,2027-03-12
eve,PC3,10:46,2027-03-13
eve,PC4,16:35,2027-03-13
charlie,PC4,15:32,2027-03-13
dave,PC4,15:24,2027-03-14
dave,PC2,18:03,2027-03-14
eve,PC3,15:22,2027-03-14
charlie,PC3,16:10,2027-03-15
eve,PC3,17:34,2027-03-15
dave,PC2,14:40,2027-03-15
dave,PC3,11:22,2027-03-16
dave,PC2,18:17,2027-03-16
dave,PC2,12:57,2027-03-16
charlie,PC4,9:54,2027-03-17
dave,PC4,13:20,2027-03-17
charlie,PC3,8:15,2027-03-17
dave,PC4,15:41,2027-03-18
charlie,PC3,18:42,2027-03-18
eve,PC3,8:22,2027-03-18
dave,PC3,10:43,2027-03-19
charlie,PC4,14:01,2027-03-19
eve,PC2,18:32,2027-03-19
eve,PC2,14:06,2027-03-20
dave,PC3,16:58,2027-03-20
dave,PC3,12:26,2027-03-20
eve,PC2,12:19,2027-03-21
hacker.account,PC-01,03:30,2023-01-03
normal.user,PC-01,09:00,2023-01-01
normal.user,PC-01,09:05,2023-01-02
charlie,PC2,15:53,2027-03-21
charlie,PC2,14:18,2027-03-21
eve,PC4,11:34,2027-03-22
charlie,PC4,8:52,2027-03-22
charlie,PC4,17:17,2027-03-22
dave,PC3,18:09,2027-03-23
dave,PC2,15:41,2027-03-23
charlie,PC4,16:35,2027-03-23
eve,PC2,15:27,2027-03-24
dave,PC3,16:37,2027-03-24
eve,PC4,15:59,2027-03-24
dave,PC2,12:01,2027-03-25
eve,PC3,16:34,2027-03-25
dave,PC4,10:32,2027-03-25
dave,PC4,16:24,2027-03-26
dave,PC4,11:52,2027-03-26
charlie,PC3,15:36,2027-03-26
dave,PC2,13:33,2027-03-27
eve,PC4,9:54,2027-03-27
dave,PC3,9:57,2027-03-27
dave,PC2,11:44,2027-03-28
charlie,PC4,17:26,2027-03-28
eve,PC3,15:31,2027-03-28
charlie,PC3,9:28,2027-03-29
eve,PC4,16:28,2027-03-29
eve,PC3,9:12,2027-03-29
charlie,PC2,18:47,2027-03-30
charlie,PC4,18:49,2027-03-30
eve,PC3,8:44,2027-03-30
charlie,PC3,12:41,2027-03-31
charlie,PC2,9:56,2027-03-31
eve,PC3,13:17,2027-03-31
dave,PC2,12:47,2027-04-01
dave,PC2,9:20,2027-04-01
charlie,PC4,12:33,2027-04-01
eve,PC2,15:36,2027-04-02
eve,PC2,15:41,2027-04-02
charlie,PC2,10:20,2027-04-02
eve,PC2,14:26,2027-04-03
dave,PC2,14:42,2027-04-03
charlie,PC4,11:59,2027-04-03
charlie,PC4,15:14,2027-04-04
charlie,PC4,12:41,2027-04-04
charlie,PC3,11:47,2027-04-04
eve,PC4,18:43,2027-04-05
eve,PC3,8:13,2027-04-05
charlie,PC3,12:23,2027-04-05
eve,PC4,14:35,2027-04-06
charlie,PC3,11:44,2027-04-06
eve,PC3,18:18,2027-04-06
charlie,PC2,15:32,2027-04-07
dave,PC2,10:17,2027-04-07
dave,PC4,15:03,2027-04-07
eve,PC4,8:20,2027-04-08
dave,PC3,12:23,2027-04-08
charlie,PC4,13:20,2027-04-08
eve,PC3,15:18,2027-04-09
charlie,PC4,10:49,2027-04-09
eve,PC4,10:28,2027-04-09
dave,PC4,15:08,2027-04-10
charlie,PC4,9:32,2027-04-10
eve,PC3,18:36,2027-04-10
dave,PC3,12:41,2027-04-11
charlie,PC2,17:39,2027-04-11
eve,PC3,12:12,2027-04-11
eve,PC3,18:46,2027-04-12
eve,PC4,14:53,2027-04-12
eve,PC3,8:36,2027-04-12
charlie,PC4,18:04,2027-04-13
charlie,PC3,16:36,2027-04-13
charlie,PC2,9:46,2027-04-13
eve,PC3,11:32,2027-04-14
charlie,PC3,10:31,2027-04-14
dave,PC3,15:25,2027-04-14
dave,PC2,17:25,2027-04-15
dave,PC3,17:42,2027-04-15
eve,PC3,9:00,2027-04-15
dave,PC4,12:35,2027-04-16
dave,PC4,14:15,2027-04-16
dave,PC4,9:33,2027-04-16
charlie,PC4,17:32,2027-04-17
eve,PC2,12:04,2027-04-17
charlie,PC3,14:10,2027-04-17
dave,PC3,11:09,2027-04-18
eve,PC4,14:27,2027-04-18
dave,PC3,16:16,2027-04-18
dave,PC4,17:28,2027-04-19
dave,PC4,14:06,2027-04-19
charlie,PC3,17:10,2027-04-19
eve,PC4,8:16,2027-04-20
dave,PC2,17:32,2027-04-20
dave,PC2,8:59,2027-04-20
eve,PC2,17:05,2027-04-21
eve,PC2,17:23,2027-04-21
dave,PC2,16:00,2027-04-21
dave,PC2,8:21,2027-04-22
charlie,PC3,9:05,2027-04-22
eve,PC4,8:14,2027-04-22
eve,PC3,15:58,2027-04-23
charlie,PC2,11:56,2027-04-23
eve,PC2,8:34,2027-04-23
dave,PC4,14:44,2027-04-24
charlie,PC2,12:23,2027-04-24
charlie,PC3,11:12,2027-04-24
eve,PC3,15:37,2027-04-25
eve,PC4,9:15,2027-04-25
eve,PC2,10:42,2027-04-25
dave,PC4,14:51,2027-04-26
eve,PC3,15:14,2027-04-26
eve,PC2,13:48,2027-04-26
eve,PC4,16:11,2027-04-27
charlie,PC2,9:17,2027-04-27
charlie,PC4,9:27,2027-04-27
dave,PC3,9:54,2027-04-28
charlie,PC2,8:19,2027-04-28
eve,PC4,14:06,2027-04-28
eve,PC3,11:29,2027-04-29
dave,PC2,13:50,2027-04-29
dave,PC3,10:31,2027-04-29
eve,PC2,12:42,2027-04-30
dave,PC4,10:38,2027-04-30
eve,PC3,11:22,2027-04-30
charlie,PC4,14:02,2027-05-01
dave,PC4,10:34,2027-05-01
eve,PC2,12:34,2027-05-01
charlie,PC3,9:31,2027-05-02
charlie,PC4,17:57,2027-05-02
eve,PC3,14:56,2027-05-02
dave,PC3,11:37,2027-05-03
eve,PC3,12:34,2027-05-03
dave,PC3,12:33,2027-05-03
charlie,PC3,10:42,2027-05-04
eve,PC3,13:40,2027-05-04
eve,PC2,9:28,2027-05-04
charlie,PC4,16:07,2027-05-05
dave,PC2,15:24,2027-05-05
dave,PC2,16:38,2027-05-05
eve,PC4,17:40,2027-05-06
charlie,PC2,11:20,2027-05-06
charlie,PC2,8:22,2027-05-06
dave,PC3,10:26,2027-05-07
charlie,PC3,14:00,2027-05-07
charlie,PC2,11:19,2027-05-07
eve,PC3,11:16,2027-05-08
charlie,PC3,8:09,2027-05-08
eve,PC4,14:19,2027-05-08
dave,PC4,14:32,2027-05-09
charlie,PC4,15:16,2027-05-09
charlie,PC2,8:27,2027-05-09
charlie,PC4,12:34,2027-05-10
charlie,PC2,12:59,2027-05-10
charlie,PC4,13:56,2027-05-10
charlie,PC4,12:18,2027-05-11
eve,PC3,11:01,2027-05-11
charlie,PC4,12:24,2027-05-11
eve,PC2,15:47,2027-05-12
charlie,PC3,14:57,2027-05-12
dave,PC4,15:19,2027-05-12
eve,PC2,13:12,2027-05-13
charlie,PC2,9:49,2027-05-13
eve,PC4,8:46,2027-05-13
charlie,PC2,15:07,2027-05-14
eve,PC3,15:56,2027-05-14
eve,PC3,13:51,2027-05-14
charlie,PC4,16:33,2027-05-15
charlie,PC4,17:54,2027-05-15
eve,PC4,9:26,2027-05-15
eve,PC2,16:21,2027-05-16
dave,PC3,15:10,2027-05-16
eve,PC2,18:45,2027-05-16
dave,PC4,14:41,2027-05-17
eve,PC4,14:23,2027-05-17
charlie,PC3,12:25,2027-05-17
dave,PC3,9:10,2027-05-18
eve,PC2,13:56,2027-05-18
charlie,PC4,18:14,2027-05-18
charlie,PC2,13:07,2027-05-19
dave,PC2,14:15,2027-05-19
dave,PC2,11:50,2027-05-19
dave,PC4,17:19,2027-05-20
dave,PC2,13:54,2027-05-20
dave,PC3,15:39,2027-05-20
eve,PC4,11:48,2027-05-21
charlie,PC4,16:51,2027-05-21
eve,PC3,12:48,2027-05-21
eve,PC2,16:07,2027-05-22
eve,PC2,14:11,2027-05-22
dave,PC3,12:58,2027-05-22
eve,PC2,16:07,2027-05-23
dave,PC2,13:34,2027-05-23
eve,PC3,18:18,2027-05-23
dave,PC3,18:36,2027-05-24
charlie,PC2,18:42,2027-05-24
eve,PC3,14:20,2027-05-24
eve,PC4,16:38,2027-05-25
charlie,PC4,18:18,2027-05-25
eve,PC4,10:07,2027-05-25
eve,PC3,9:49,2027-05-26
charlie,PC4,15:11,2027-05-26
eve,PC4,17:32,2027-05-26
dave,PC2,9:35,2027-05-27
eve,PC4,13:04,2027-05-27
dave,PC3,8:20,2027-05-27
charlie,PC2,17:52,2027-05-28
charlie,PC4,15:01,2027-05-28
charlie,PC2,13:48,2027-05-28
dave,PC3,12:35,2027-05-29
charlie,PC2,11:42,2027-05-29
eve,PC3,14:25,2027-05-29
eve,PC2,9:09,2027-05-30
charlie,PC2,14:39,2027-05-30
charlie,PC3,16:38,2027-05-30
eve,PC2,13:00,2027-05-31
eve,PC2,12:48,2027-05-31
dave,PC4,13:21,2027-05-31
eve,PC3,15:52,2027-06-01
eve,PC2,11:38,2027-06-01
dave,PC4,11:29,2027-06-01
dave,PC3,9:08,2027-06-02
eve,PC3,10:44,2027-06-02
charlie,PC2,13:53,2027-06-02
charlie,PC3,8:53,2027-06-03
charlie,PC3,12:26,2027-06-03
eve,PC3,14:52,2027-06-03
charlie,PC4,17:16,2027-06-04
charlie,PC3,12:09,2027-06-04
dave,PC3,8:23,2027-06-04
dave,PC4,13:46,2027-06-05
eve,PC2,10:49,2027-06-05
dave,PC4,18:14,2027-06-05
dave,PC4,16:30,2027-06-06
charlie,PC2,10:56,2027-06-06
dave,PC3,18:21,2027-06-06
dave,PC4,18:56,2027-06-07
eve,PC4,14:28,2027-06-07
charlie,PC3,18:10,2027-06-07
dave,PC2,11:10,2027-06-08
eve,PC2,17:11,2027-06-08
dave,PC3,13:52,2027-06-08
eve,PC3,18:04,2027-06-09
eve,PC2,10:32,2027-06-09
eve,PC3,14:34,2027-06-09
charlie,PC3,10:37,2027-06-10
dave,PC2,10:28,2027-06-10
charlie,PC4,13:50,2027-06-10
charlie,PC3,9:38,2027-06-11
dave,PC3,15:48,2027-06-11
dave,PC3,11:27,2027-06-11
charlie,PC4,9:52,2027-06-12
eve,PC2,8:27,2027-06-12
charlie,PC2,17:13,2027-06-12
charlie,PC2,17:32,2027-06-13
eve,PC2,10:26,2027-06-13
charlie,PC3,17:39,2027-06-13
dave,PC4,18:27,2027-06-14
eve,PC2,9:41,2027-06-14
eve,PC2,8:22,2027-06-14
dave,PC3,13:30,2027-06-15
charlie,PC2,12:50,2027-06-15
dave,PC2,13:37,2027-06-15
eve,PC4,9:03,2027-06-16
charlie,PC4,17:44,2027-06-16
eve,PC3,9:56,2027-06-16
dave,PC4,13:34,2027-06-17
charlie,PC2,10:23,2027-06-17
eve,PC3,12:48,2027-06-17
dave,PC4,11:08,2027-06-18
charlie,PC2,8:09,2027-06-18
eve,PC4,8:34,2027-06-18
dave,PC2,15:29,2027-06-19
eve,PC2,9:49,2027-06-19
charlie,PC3,16:17,2027-06-19
eve,PC4,18:37,2027-06-20
dave,PC4,10:51,2027-06-20
charlie,PC4,14:26,2027-06-20
eve,PC3,10:15,2027-06-21
charlie,PC2,14:12,2027-06-21
eve,PC3,8:13,2027-06-21
eve,PC2,9:16,2027-06-22
charlie,PC4,8:20,2027-06-22
charlie,PC3,14:39,2027-06-22
dave,PC4,14:06,2027-06-23
dave,PC2,13:42,2027-06-23
eve,PC4,18:19,2027-06-23
charlie,PC2,15:09,2027-06-24
dave,PC4,13:42,2027-06-24
eve,PC4,15:51,2027-06-24
charlie,PC3,11:52,2027-06-25
dave,PC4,10:01,2027-06-25
eve,PC4,17:21,2027-06-25
eve,PC2,17:20,2027-06-26
eve,PC3,10:42,2027-06-26
charlie,PC2,15:59,2027-06-26
eve,PC2,16:38,2027-06-27
charlie,PC3,16:29,2027-06-27
eve,PC2,15:19,2027-06-27
dave,PC2,10:41,2027-06-28
charlie,PC4,13:43,2027-06-28
eve,PC3,13:40,2027-06-28
eve,PC3,14:20,2027-06-29
eve,PC2,9:17,2027-06-29
eve,PC4,12:15,2027-06-29
dave,PC4,15:24,2027-06-30
eve,PC3,16:50,2027-06-30
charlie,PC3,14:18,2027-06-30
charlie,PC2,8:14,2027-07-01
charlie,PC4,17:42,2027-07-01
dave,PC2,13:06,2027-07-01
charlie,PC4,16:50,2027-07-02
charlie,PC2,9:10,2027-07-02
dave,PC4,12:15,2027-07-02
dave,PC3,16:07,2027-07-03
dave,PC4,10:22,2027-07-03
dave,PC4,14:27,2027-07-03
charlie,PC3,14:13,2027-07-04
charlie,PC2,12:16,2027-07-04
eve,PC2,15:48,2027-07-04
charlie,PC4,14:05,2027-07-05
dave,PC2,16:10,2027-07-05
eve,PC3,10:03,2027-07-05
eve,PC4,15:57,2027-07-06
dave,PC4,12:02,2027-07-06
charlie,PC4,17:36,2027-07-06
charlie,PC2,14:12,2027-07-07
dave,PC3,8:42,2027-07-07
dave,PC2,11:41,2027-07-07
dave,PC2,15:52,2027-07-08
charlie,PC2,9:27,2027-07-08
charlie,PC4,13:24,2027-07-08
eve,PC2,13:09,2027-07-09
dave,PC3,9:55,2027-07-09
charlie,PC3,18:02,2027-07-09
eve,PC4,16:40,2027-07-10
eve,PC3,18:37,2027-07-10
eve,PC2,18:49,2027-07-10
eve,PC2,16:48,2027-07-11
charlie,PC4,16:27,2027-07-11
eve,PC2,10:06,2027-07-11
charlie,PC3,15:17,2027-07-12
eve,PC2,11:17,2027-07-12
charlie,PC4,13:18,2027-07-12
eve,PC2,12:41,2027-07-13
eve,PC3,11:35,2027-07-13
dave,PC2,11:33,2027-07-13
dave,PC3,16:18,2027-07-14
dave,PC3,15:40,2027-07-14
dave,PC3,8:02,2027-07-14
eve,PC3,8:45,2027-07-15
dave,PC2,12:05,2027-07-15
charlie,PC2,9:39,2027-07-15
charlie,PC2,15:36,2027-07-16
dave,PC3,16:48,2027-07-16
charlie,PC3,12:30,2027-07-16
charlie,PC3,13:26,2027-07-17
eve,PC3,12:43,2027-07-17
dave,PC4,9:10,2027-07-17
eve,PC3,14:24,2027-07-18
eve,PC3,14:05,2027-07-18
eve,PC4,12:15,2027-07-18
dave,PC2,17:55,2027-07-19
dave,PC3,12:16,2027-07-19
charlie,PC4,14:09,2027-07-19
charlie,PC4,18:18,2027-07-20
eve,PC2,17:32,2027-07-20
eve,PC3,15:55,2027-07-20
eve,PC2,17:43,2027-07-21
charlie,PC2,10:17,2027-07-21
dave,PC4,10:18,2027-07-21
eve,PC3,11:28,2027-07-22
dave,PC4,9:11,2027-07-22
dave,PC4,18:31,2027-07-22
dave,PC4,11:08,2027-07-23
eve,PC3,14:17,2027-07-23
dave,PC4,8:33,2027-07-23
dave,PC2,8:35,2027-07-24
dave,PC2,13:42,2027-07-24
eve,PC3,16:47,2027-07-24
dave,PC3,12:33,2027-07-25
dave,PC2,13:42,2027-07-25
eve,PC3,10:21,2027-07-25
eve,PC2,13:54,2027-07-26
dave,PC2,9:08,2027-07-26
eve,PC4,10:55,2027-07-26
eve,PC3,12:11,2027-07-27
dave,PC4,15:07,2027-07-27
dave,PC2,10:27,2027-07-27
eve,PC4,13:57,2027-07-28
charlie,PC4,9:56,2027-07-28
charlie,PC3,12:41,2027-07-28
charlie,PC2,9:29,2027-07-29
eve,PC4,15:32,2027-07-29
eve,PC3,15:35,2027-07-29
eve,PC2,12:57,2027-07-30
charlie,PC3,14:31,2027-07-30
charlie,PC2,18:17,2027-07-30
charlie,PC2,13:15,2027-07-31
charlie,PC3,16:31,2027-07-31
dave,PC2,17:25,2027-07-31
charlie,PC4,18:28,2027-08-01
dave,PC4,13:07,2027-08-01
dave,PC4,14:21,2027-08-01
eve,PC4,18:42,2027-08-02
dave,PC4,13:31,2027-08-02
eve,PC2,9:58,2027-08-02
charlie,PC2,9:22,2027-08-03
charlie,PC4,16:59,2027-08-03
dave,PC4,18:57,2027-08-03
eve,PC3,11:49,2027-08-04
eve,PC3,18:23,2027-08-04
dave,PC2,18:52,2027-08-04
charlie,PC2,10:50,2027-08-05
charlie,PC2,13:54,2027-08-05
eve,PC4,12:50,2027-08-05
dave,PC4,17:00,2027-08-06
dave,PC4,9:48,2027-08-06
eve,PC3,15:58,2027-08-06
eve,PC2,13:48,2027-08-07
eve,PC3,12:41,2027-08-07
charlie,PC4,15:21,2027-08-07
dave,PC3,17:09,2027-08-08
dave,PC3,17:52,2027-08-08
eve,PC3,10:31,2027-08-08
eve,PC3,17:23,2027-08-09
dave,PC3,8:28,2027-08-09
dave,PC3,18:48,2027-08-09
charlie,PC3,18:09,2027-08-10
dave,PC4,12:23,2027-08-10
charlie,PC3,10:50,2027-08-10
dave,PC4,8:01,2027-08-11
eve,PC4,18:08,2027-08-11
eve,PC4,16:17,2027-08-11
charlie,PC2,9:29,2027-08-12
dave,PC4,12:43,2027-08-12
eve,PC3,8:43,2027-08-12
eve,PC2,18:08,2027-08-13
dave,PC4,12:02,2027-08-13
charlie,PC2,9:52,2027-08-13
charlie,PC3,16:47,2027-08-14
eve,PC3,9:41,2027-08-14
eve,PC4,12:26,2027-08-14
eve,PC4,11:23,2027-08-15
charlie,PC3,14:44,2027-08-15
dave,PC4,10:27,2027-08-15
eve,PC4,8:09,2027-08-16
dave,PC4,10:09,2027-08-16
eve,PC4,10:50,2027-08-16
dave,PC4,14:48,2027-08-17
dave,PC3,11:48,2027-08-17
dave,PC2,15:47,2027-08-17
eve,PC4,17:35,2027-08-18
charlie,PC2,17:17,2027-08-18
charlie,PC3,14:14,2027-08-18
dave,PC4,14:58,2027-08-19
eve,PC3,10:03,2027-08-19
dave,PC3,15:24,2027-08-19
dave,PC3,15:40,2027-08-20
charlie,PC2,9:21,2027-08-20
dave,PC4,10:48,2027-08-20
dave,PC2,8:09,2027-08-21
charlie,PC4,8:54,2027-08-21
eve,PC3,15:32,2027-08-21
dave,PC3,13:35,2027-08-22
charlie,PC4,17:51,2027-08-22
charlie,PC2,14:55,2027-08-22
charlie,PC3,11:44,2027-08-23
charlie,PC3,8:21,2027-08-23
dave,PC2,11:10,2027-08-23
eve,PC2,17:06,2027-08-24
dave,PC2,8:23,2027-08-24
eve,PC2,16:46,2027-08-24
dave,PC3,15:25,2027-08-25
charlie,PC2,12:49,2027-08-25
charlie,PC3,12:37,2027-08-25
charlie,PC2,14:28,2027-08-26
eve,PC2,8:24,2027-08-26
dave,PC4,13:19,2027-08-26
charlie,PC4,15:02,2027-08-27
dave,PC3,10:25,2027-08-27
charlie,PC4,14:27,2027-08-27
charlie,PC3,16:52,2027-08-28
dave,PC3,9:43,2027-08-28
charlie,PC4,18:04,2027-08-28
charlie,PC4,8:20,2027-08-29
dave,PC3,9:17,2027-08-29
charlie,PC4,10:29,2027-08-29
eve,PC2,13:36,2027-08-30
eve,PC4,9:18,2027-08-30
charlie,PC3,10:35,2027-08-30
eve,PC4,9:48,2027-08-31
dave,PC4,10:49,2027-08-31
dave,PC3,18:02,2027-08-31
dave,PC3,11:44,2027-09-01
eve,PC2,10:24,2027-09-01
charlie,PC2,11:55,2027-09-01
eve,PC2,12:07,2027-09-02
dave,PC2,14:32,2027-09-02
eve,PC4,17:52,2027-09-02
dave,PC3,15:53,2027-09-03
eve,PC4,9:50,2027-09-03
dave,PC2,16:31,2027-09-03
eve,PC2,9:54,2027-09-04
dave,PC2,9:39,2027-09-04
charlie,PC4,17:05,2027-09-04
eve,PC4,10:52,2027-09-05
eve,PC4,8:25,2027-09-05
dave,PC3,15:13,2027-09-05
charlie,PC3,17:30,2027-09-06
eve,PC4,13:44,2027-09-06
eve,PC2,17:52,2027-09-06
dave,PC4,15:50,2027-09-07
eve,PC3,13:27,2027-09-07
dave,PC2,17:17,2027-09-07
eve,PC3,15:57,2027-09-08
dave,PC4,9:22,2027-09-08
charlie,PC4,14:59,2027-09-08
dave,PC3,16:42,2027-09-09
eve,PC2,17:43,2027-09-09
charlie,PC3,15:59,2027-09-09
eve,PC2,9:41,2027-09-10
eve,PC2,16:36,2027-09-10
charlie,PC4,9:31,2027-09-10
charlie,PC4,13:21,2027-09-11
dave,PC3,12:24,2027-09-11
charlie,PC3,15:46,2027-09-11
charlie,PC3,15:48,2027-09-12
charlie,PC4,18:11,2027-09-12
dave,PC3,17:27,2027-09-12
eve,PC3,15:43,2027-09-13
eve,PC3,17:24,2027-09-13
eve,PC4,17:09,2027-09-13
dave,PC2,11:50,2027-09-14
eve,PC4,14:56,2027-09-14
eve,PC2,11:41,2027-09-14
eve,PC2,17:35,2027-09-15
charlie,PC3,14:46,2027-09-15
dave,PC4,8:08,2027-09-15
eve,PC2,8:52,2027-09-16
dave,PC3,10:39,2027-09-16
eve,PC4,16:47,2027-09-16
eve,PC4,16:58,2027-09-17
eve,PC4,14:49,2027-09-17
charlie,PC2,8:20,2027-09-17
eve,PC3,13:29,2027-09-18
eve,PC4,13:53,2027-09-18
eve,PC4,16:38,2027-09-18
dave,PC3,16:34,2027-09-19
eve,PC2,14:07,2027-09-19
charlie,PC2,10:48,2027-09-19
eve,PC2,9:27,2027-09-20
charlie,PC3,9:15,2027-09-20
eve,PC3,14:28,2027-09-20
eve,PC4,17:50,2027-09-21
eve,PC4,13:35,2027-09-21
charlie,PC4,17:38,2027-09-21
dave,PC4,11:47,2027-09-22
dave,PC2,13:23,2027-09-22
eve,PC2,10:24,2027-09-22
charlie,PC3,12:11,2027-09-23
charlie,PC3,17:46,2027-09-23
eve,PC3,13:12,2027-09-23
charlie,PC3,13:29,2027-09-24
eve,PC3,10:02,2027-09-24
eve,PC3,16:49,2027-09-24
eve,PC3,10:31,2027-09-25
dave,PC2,16:18,2027-09-25
dave,PC2,16:03,2027-09-25
eve,PC3,18:52,2027-09-26
charlie,PC4,14:09,2027-09-26
charlie,PC2,12:55,2027-09-26
charlie,PC2,16:06,2027-09-27
dave,PC3,12:09,2027-09-27
dave,PC2,14:21,2027-09-27
charlie,PC3,16:21,2027-09-28
dave,PC3,15:10,2027-09-28
charlie,PC3,9:00,2027-09-28
dave,PC2,16:19,2027-09-29
dave,PC4,13:07,2027-09-29
eve,PC4,11:27,2027-09-29
dave,PC2,11:45,2027-09-30
dave,PC2,8:37,2027-09-30
dave,PC2,17:49,2027-09-30
charlie,PC3,13:23,2027-10-01
dave,PC2,16:16,2027-10-01
dave,PC3,18:03,2027-10-01
dave,PC2,16:37,2027-10-02
dave,PC4,9:12,2027-10-02
charlie,PC3,17:32,2027-10-02
eve,PC3,18:00,2027-10-03
dave,PC3,17:39,2027-10-03
dave,PC3,9:15,2027-10-03
dave,PC4,9:30,2027-10-04
eve,PC3,13:05,2027-10-04
charlie,PC2,11:47,2027-10-04
dave,PC2,16:40,2027-10-05
dave,PC2,16:59,2027-10-05
eve,PC4,18:13,2027-10-05
charlie,PC3,17:06,2027-10-06
dave,PC2,10:40,2027-10-06
eve,PC2,15:29,2027-10-06
eve,PC4,11:21,2027-10-07
dave,PC3,9:28,2027-10-07
charlie,PC2,9:00,2027-10-07
eve,PC3,10:15,2027-10-08
eve,PC2,8:20,2027-10-08
eve,PC3,14:50,2027-10-08
eve,PC4,8:23,2027-10-09
eve,PC4,11:33,2027-10-09
charlie,PC3,13:19,2027-10-09
eve,PC4,11:16,2027-10-10
charlie,PC2,13:32,2027-10-10
dave,PC3,13:30,2027-10-10
dave,PC4,17:19,2027-10-11
eve,PC2,12:49,2027-10-11
charlie,PC3,16:43,2027-10-11
dave,PC2,13:27,2027-10-12
charlie,PC4,13:18,2027-10-12
dave,PC4,11:04,2027-10-12
eve,PC3,14:21,2027-10-13
eve,PC4,15:50,2027-10-13
dave,PC3,14:41,2027-10-13
dave,PC3,14:20,2027-10-14
charlie,PC2,17:25,2027-10-14
eve,PC2,10:36,2027-10-14
dave,PC3,9:55,2027-10-15
dave,PC3,15:35,2027-10-15
dave,PC2,18:01,2027-10-15
dave,PC4,9:36,2027-10-16
charlie,PC3,9:32,2027-10-16
eve,PC4,9:12,2027-10-16
charlie,PC4,10:03,2027-10-17
dave,PC4,17:23,2027-10-17
eve,PC2,16:49,2027-10-17
eve,PC3,13:24,2027-10-18
charlie,PC2,13:28,2027-10-18
eve,PC4,17:43,2027-10-18
charlie,PC4,15:47,2027-10-19
charlie,PC4,8:26,2027-10-19
eve,PC2,17:46,2027-10-19
dave,PC3,10:48,2027-10-20
charlie,PC3,8:19,2027-10-20
eve,PC2,9:39,2027-10-20
charlie,PC2,9:27,2027-10-21
dave,PC3,18:06,2027-10-21
eve,PC2,8:21,2027-10-21
eve,PC2,15:20,2027-10-22
eve,PC2,13:51,2027-10-22
charlie,PC2,11:25,2027-10-22
eve,PC4,15:08,2027-10-23
charlie,PC3,18:00,2027-10-23
charlie,PC4,9:27,2027-10-23
dave,PC2,8:46,2027-10-24
dave,PC4,18:17,2027-10-24
charlie,PC4,13:11,2027-10-24
charlie,PC3,14:09,2027-10-25
dave,PC2,13:34,2027-10-25
dave,PC3,18:52,2027-10-25
dave,PC2,16:18,2027-10-26
dave,PC4,13:19,2027-10-26
dave,PC4,9:54,2027-10-26
charlie,PC4,10:24,2027-10-27
charlie,PC3,11:33,2027-10-27
dave,PC4,12:44,2027-10-27
dave,PC2,8:17,2027-10-28
eve,PC4,18:30,2027-10-28
eve,PC3,12:53,2027-10-28
eve,PC4,15:57,2027-10-29
dave,PC4,12:39,2027-10-29
eve,PC4,17:14,2027-10-29
eve,PC4,16:11,2027-10-30
charlie,PC3,14:46,2027-10-30
dave,PC4,11:28,2027-10-30
eve,PC3,18:09,2027-10-31
eve,PC2,18:31,2027-10-31
dave,PC2,16:38,2027-10-31
dave,PC4,14:28,2027-11-01
dave,PC3,18:16,2027-11-01
dave,PC3,9:47,2027-11-01
charlie,PC4,8:39,2027-11-02
eve,PC2,9:49,2027-11-02
charlie,PC3,15:41,2027-11-02
charlie,PC2,15:23,2027-11-03
eve,PC3,9:32,2027-11-03
eve,PC3,12:17,2027-11-03
charlie,PC4,8:43,2027-11-04
charlie,PC3,16:55,2027-11-04
dave,PC2,15:15,2027-11-04
dave,PC2,14:57,2027-11-05
charlie,PC4,10:41,2027-11-05
charlie,PC3,11:07,2027-11-05
charlie,PC2,8:33,2027-11-06
charlie,PC3,17:15,2027-11-06
charlie,PC2,8:19,2027-11-06
dave,PC2,15:08,2027-11-07
charlie,PC2,12:38,2027-11-07
dave,PC4,13:50,2027-11-07
dave,PC2,13:47,2027-11-08
dave,PC4,9:41,2027-11-08
dave,PC2,12:36,2027-11-08
dave,PC4,15:59,2027-11-09
charlie,PC3,12:08,2027-11-09
dave,PC2,16:41,2027-11-09
dave,PC3,13:29,2027-11-10
charlie,PC3,9:16,2027-11-10
eve,PC3,13:41,2027-11-10
eve,PC2,17:42,2027-11-11
charlie,PC4,12:28,2027-11-11
dave,PC3,16:19,2027-11-11
eve,PC3,14:49,2027-11-12
eve,PC3,16:08,2027-11-12
eve,PC4,15:44,2027-11-12
eve,PC3,10:37,2027-11-13
charlie,PC3,9:25,2027-11-13
eve,PC3,16:05,2027-11-13
charlie,PC2,15:01,2027-11-14
charlie,PC2,18:36,2027-11-14
eve,PC3,16:14,2027-11-14
eve,PC3,11:45,2027-11-15
charlie,PC4,9:42,2027-11-15
eve,PC3,13:37,2027-11-15
dave,PC4,9:00,2027-11-16
charlie,PC3,18:51,2027-11-16
eve,PC4,11:37,2027-11-16
eve,PC3,10:23,2027-11-17
eve,PC4,15:48,2027-11-17
dave,PC3,11:51,2027-11-17
dave,PC3,11:00,2027-11-18
charlie,PC3,17:57,2027-11-18
charlie,PC4,12:45,2027-11-18
charlie,PC3,11:38,2027-11-19
eve,PC4,14:27,2027-11-19
dave,PC2,11:02,2027-11-19
dave,PC4,12:07,2027-11-20
charlie,PC3,17:25,2027-11-20
dave,PC4,12:57,2027-11-20
charlie,PC4,14:13,2027-11-21
dave,PC3,16:49,2027-11-21
eve,PC2,18:31,2027-11-21
eve,PC3,11:55,2027-11-22
eve,PC4,17:15,2027-11-22
dave,PC3,8:57,2027-11-22
dave,PC3,13:33,2027-11-23
dave,PC2,11:31,2027-11-23
charlie,PC4,13:20,2027-11-23
charlie,PC4,11:54,2027-11-24
charlie,PC4,13:42,2027-11-24
eve,PC2,10:02,2027-11-24
eve,PC4,8:59,2027-11-25
charlie,PC4,15:25,2027-11-25
dave,PC2,10:05,2027-11-25
charlie,PC4,17:13,2027-11-26
eve,PC3,11:24,2027-11-26
charlie,PC2,14:50,2027-11-26
dave,PC4,18:22,2027-11-27
eve,PC4,10:06,2027-11-27
charlie,PC4,13:42,2027-11-27
eve,PC2,15:54,2027-11-28
eve,PC3,8:01,2027-11-28
eve,PC2,11:47,2027-11-28
eve,PC4,9:11,2027-11-29
charlie,PC4,18:20,2027-11-29
dave,PC2,17:58,2027-11-29
eve,PC3,15:55,2027-11-30
dave,PC3,12:59,2027-11-30
eve,PC2,11:46,2027-11-30
eve,PC2,16:14,2027-12-01
eve,PC2,9:55,2027-12-01
eve,PC3,10:54,2027-12-01
eve,PC4,11:01,2027-12-02
charlie,PC4,13:09,2027-12-02
dave,PC4,10:12,2027-12-02
eve,PC3,15:20,2027-12-03
eve,PC3,9:15,2027-12-03
eve,PC3,18:36,2027-12-03
dave,PC2,13:40,2027-12-04
charlie,PC2,18:02,2027-12-04
dave,PC4,18:42,2027-12-04
dave,PC4,12:29,2027-12-05
dave,PC3,13:52,2027-12-05
dave,PC3,11:20,2027-12-05
dave,PC4,14:43,2027-12-06
eve,PC2,16:06,2027-12-06
eve,PC2,11:11,2027-12-06
charlie,PC2,17:34,2027-12-07
dave,PC3,10:27,2027-12-07
dave,PC3,13:33,2027-12-07
charlie,PC4,15:06,2027-12-08
dave,PC4,12:01,2027-12-08
eve,PC4,18:30,2027-12-08
charlie,PC4,9:06,2027-12-09
charlie,PC4,17:57,2027-12-09
dave,PC2,14:30,2027-12-09
dave,PC4,18:23,2027-12-10
charlie,PC3,12:40,2027-12-10
charlie,PC4,9:26,2027-12-10
charlie,PC2,10:29,2027-12-11
dave,PC4,17:27,2027-12-11
charlie,PC2,8:27,2027-12-11
eve,PC2,13:37,2027-12-12
eve,PC3,16:14,2027-12-12
dave,PC2,9:28,2027-12-12
charlie,PC3,14:33,2027-12-13
dave,PC3,10:01,2027-12-13
charlie,PC3,11:23,2027-12-13
charlie,PC3,13:04,2027-12-14
charlie,PC4,13:22,2027-12-14
charlie,PC3,16:45,2027-12-14
eve,PC4,11:12,2027-12-15
charlie,PC3,12:06,2027-12-15
eve,PC3,8:54,2027-12-15
charlie,PC3,17:42,2027-12-16
eve,PC2,13:59,2027-12-16
dave,PC4,18:16,2027-12-16
dave,PC4,15:41,2027-12-17
